phone,status_id,description,created_at,id
+77071010***,success,test,21-07-15,1
+764567123***,success,test,21-07-15,3
512312***,success,dadaadadaa,21-07-15,5
512312***,success,33333333333,21-07-14,6
380.911.8***,failed,Need agency level decision career everything painting.,21-07-15,7
9743373***,success,Major style majority able part produce.,21-07-15,8
206-341-8***,success,Beautiful conference political history well down prevent.,21-07-15,10
5935485***,failed,Senior despite approach.,21-07-15,12
909-679-1***,failed,Simple crime either can.,21-07-15,16
001-193-609-9332x99***,failed,Church data medical deep summer.,21-07-15,17
+1-020-115-4724x***,failed,Service center blue long.,21-07-15,19
080-896-6***,failed,Matter article loss.,21-07-15,20
001-599-365-1***,failed,Positive main bed down thus bag.,21-07-15,21
587-596-9801x***,failed,Mission figure artist really.,21-07-15,24
(079)731-2891x4***,failed,Story exactly difficult sit.,21-07-15,25
(104)437-2***,success,Experience west example personal around there line.,21-07-15,26
217-653-6278x27***,failed,Project how again director say my.,21-07-15,28
001-838-408-1511x91***,failed,Rule food behind plan close.,21-07-15,29
856.959.2052x***,success,Student line control general.,21-07-15,34
(810)454-4***,failed,Fill job alone even computer different.,21-07-15,36
701.162.8***,failed,Bar up that number.,21-07-15,37
1296796***,failed,Allow quite turn end ask information art.,21-07-15,38
430.285.9514x92***,failed,Learn around week worry material hand likely.,21-07-15,41
038-936-5509x***,success,Job pressure able page woman.,21-07-15,42
385-214-1484x1***,success,However heavy information visit main rock movement poor.,21-07-15,43
2396555***,success,Physical much deal candidate well simply sign.,21-07-15,44
3676612***,success,Parent thought support eight.,21-07-15,45
864-443-6346x90***,success,Often affect citizen have standard reach sure man.,21-07-15,46
001-116-312-6504x47***,failed,Senior necessary successful feeling from.,21-07-15,55
7950926***,failed,Continue media involve college rock woman pass herself.,21-07-15,56
3419888***,failed,Despite item data cost father bank left.,21-07-15,59
066.941.9***,success,May four level issue language party.,21-07-15,62
+1-689-761-7667x8***,failed,Attack foot could over story specific figure.,21-07-15,63
8960224***,success,Easy study onto or admit drive.,21-07-15,72
001-545-265-6437x14***,failed,Item none would when project.,21-07-15,73
(561)877-8356x53***,failed,Teach recently worker growth create.,21-07-15,74
001-455-774-1652x***,failed,Always way that focus feel bar middle guess.,21-07-15,75
4067823***,failed,Word glass sign hour south.,21-07-15,76
+1-127-467-8045x5***,success,Table religious try technology cup individual.,21-07-15,77
044.308.2***,success,Style fear top personal teach mother performance.,21-07-15,80
(660)658-3253x***,success,Decide road professional matter while hit down report.,21-07-15,81
170-131-6733x0***,failed,Skin peace his country.,21-07-15,82
227.306.9***,success,Can within information money week.,21-07-15,83
(960)223-2965x***,success,Research training adult.,21-07-15,85
+1-794-888-0242x15***,success,Father might father risk.,21-07-15,88
+1-420-819-3***,success,Activity sense sometimes play still station.,21-07-15,89
(910)135-4***,success,Resource issue third customer by receive.,21-07-15,91
215-229-8060x83***,success,Research article off.,21-07-15,93
001-191-393-6***,failed,Difficult difficult method way human happy religious economy.,21-07-15,94
+1-600-692-2***,failed,Everybody style beautiful ahead.,21-07-15,95
367.940.9797x***,failed,Number relate line gas.,21-07-15,99
725-056-8023x9***,success,Per wind yard growth control.,21-07-15,100
(529)660-8578x10***,failed,Wear according wind including.,21-07-15,101
343.294.7108x17***,success,Then able production.,21-07-15,106
001-411-706-5***,success,Decade street thought international special play have.,21-07-15,109
397-896-1788x32***,failed,Every arm tree professional east believe.,21-07-15,110
546-500-2884x***,success,Hot their care guess choose concern.,21-07-15,113
415.409.4185x21***,success,Lawyer arm doctor stage song third note.,21-07-15,115
309-486-6591x***,success,Ready against whose walk ball natural standard.,21-07-15,116
0878415***,success,Clear step many catch able who nation process.,21-07-15,118
988-935-0318x10***,failed,Large movement when do.,21-07-15,119
410.847.6***,failed,Night total behind draw.,21-07-15,120
641-692-4***,success,Two difficult feel.,21-07-15,122
008-785-0***,failed,Girl news artist reach assume to home.,21-07-15,124
6660620***,success,Role easy purpose ground so the.,21-07-15,125
(951)278-6***,failed,Between similar buy member contain.,21-07-15,127
631.776.2767x***,success,Discuss color little chair picture.,21-07-15,128
584-741-2***,success,Civil red property certainly shoulder discover.,21-07-15,129
543-819-8***,success,Deep majority record prepare expect.,21-07-15,131
827.731.5***,failed,Defense room lay bank amount spend couple.,21-07-15,132
(205)092-0***,success,Attention its certainly degree remember begin tax.,21-07-15,133
1083746***,success,Movie about positive style.,21-07-15,134
(310)948-0***,success,Ever forward government could.,21-07-15,139
982-789-4***,failed,Keep music represent meet teacher though low.,21-07-15,140
+1-645-857-7489x0***,success,Hit wrong carry once section.,21-07-15,146
701-793-9680x5***,success,Act many base major ready paper.,21-07-15,148
(984)769-6501x37***,success,About myself wait point citizen right space.,21-07-15,150
582.974.9***,failed,Language pick behind recent it generation mission.,21-07-15,151
+1-434-816-3018x22***,success,Subject right send story animal outside film.,21-07-15,153
(011)942-4889x7***,success,Still beautiful require town.,21-07-15,157
804-526-4581x1***,success,Money writer business yet range mission.,21-07-15,158
+1-960-928-5413x32***,success,Contain gas difference.,21-07-15,159
(091)271-6165x75***,success,Become pressure significant between where drive.,21-07-15,162
+1-711-915-8987x9***,failed,Attorney development former suddenly control decide war line.,21-07-15,163
(304)778-3259x***,failed,Partner sort green.,21-07-15,164
156-107-2905x***,failed,National everything father behavior crime participant traditional.,21-07-15,165
001-192-485-2426x***,failed,Step beyond prove.,21-07-15,166
(982)370-0***,failed,Arrive produce year.,21-07-15,169
615.096.8***,failed,Budget same though night though put participant.,21-07-15,172
261.497.5***,success,Catch popular staff character morning.,21-07-15,178
427-653-7979x***,failed,Share better either unit personal here I.,21-07-15,179
(608)154-1319x***,success,Leg week expect risk student.,21-07-15,183
(675)719-6***,success,Big minute rate other way cut southern chair.,21-07-15,184
497-473-8***,failed,Hit think exactly face economic PM our generation.,21-07-15,185
(671)469-6***,failed,Various what well defense.,21-07-15,187
(075)879-1314x42***,failed,Animal realize turn compare impact apply bed today.,21-07-15,190
(744)751-5575x04***,failed,Tree challenge beyond mean brother term.,21-07-15,196
(443)842-8062x2***,success,Term wonder activity most involve.,21-07-15,197
(669)697-0894x39***,success,Morning body design add matter.,21-07-15,198
001-251-320-7383x5***,success,Bill exactly another himself glass generation.,21-07-15,199
654.740.9772x***,failed,Yeah on past skill him million.,21-07-15,200
887.818.7***,failed,Fast bit national smile finish.,21-07-15,201
001-343-576-3***,success,Coach church woman wide.,21-07-15,202
(866)803-6***,failed,Imagine agree machine serious establish.,21-07-15,204
+1-014-315-0609x16***,failed,Wrong media time.,21-07-15,209
005-468-8***,success,Green apply itself.,21-07-15,213
+1-282-594-1979x73***,success,Test collection kid billion this.,21-07-15,214
(802)804-5135x***,success,Field home even.,21-07-15,215
095-443-1919x***,failed,Church always whom important discover hear particular product.,21-07-15,217
(908)349-8821x94***,success,Energy approach however along.,21-07-15,218
+1-063-873-4496x69***,failed,Instead hard single brother.,21-07-15,219
870.844.3***,success,Total since ability pattern exist various spring.,21-07-15,222
875.221.2273x18***,success,Study science bill individual.,21-07-15,224
(543)306-4***,success,Money mouth wear plant religious.,21-07-15,225
511.631.9***,success,Around figure develop item institution.,21-07-15,228
001-419-945-8065x***,success,Participant positive course audience tend space.,21-07-15,229
778.967.8***,failed,Season surface power write drug describe represent.,21-07-15,230
+1-974-315-2129x41***,failed,Push meet section consumer.,21-07-15,232
299.726.4079x2***,success,Offer big far appear conference tough itself book.,21-07-15,234
162-766-1584x***,failed,Rather themselves history know find test near.,21-07-15,235
+1-153-100-0804x40***,success,Feeling group director page various film.,21-07-15,236
0304912***,failed,Heart become choose.,21-07-15,237
781-031-3313x32***,success,Professor wrong medical society sound despite benefit.,21-07-15,242
(244)979-3248x7***,failed,Talk Mr sometimes maintain raise enough.,21-07-15,244
864.062.9683x***,failed,She full realize doctor after audience.,21-07-15,245
052-214-7***,failed,Important those forget event general.,21-07-15,251
001-038-451-6504x1***,success,Cup another beautiful single wish.,21-07-15,252
645.703.9507x***,success,Some lose daughter wide.,21-07-15,253
001-684-119-3758x08***,failed,Animal explain must maintain true.,21-07-15,255
+1-356-986-6968x2***,success,Moment record long pretty assume challenge campaign card.,21-07-15,257
(578)102-1***,success,Both you past moment.,21-07-15,258
754-865-9***,success,Herself develop million.,21-07-15,260
579-938-1953x79***,failed,Team there bank no where.,21-07-15,262
001-600-915-4***,failed,Minute then water can marriage piece friend.,21-07-15,266
001-545-849-4613x73***,failed,Get front western side could begin set.,21-07-15,268
+1-727-126-6***,success,Lay near indicate three fear.,21-07-15,271
001-926-029-0***,success,Movie great item best opportunity he environmental.,21-07-15,274
+1-290-706-1735x0***,failed,Discuss western leader program man administration until.,21-07-15,277
926-838-6***,success,Produce kind imagine sister peace over.,21-07-15,278
763-943-8887x***,success,Ground step note suggest current money.,21-07-15,280
5499803***,failed,Watch player mention money home feel.,21-07-15,281
+1-187-476-6535x***,failed,Author system offer thousand simply let.,21-07-15,282
273.826.4***,success,Build several health page member on director.,21-07-15,285
+1-612-872-5624x65***,failed,Energy choice all college part item side.,21-07-15,290
392.009.9***,failed,Civil sport memory their.,21-07-15,292
641-561-4354x***,failed,Full not heart cell.,21-07-15,300
(787)639-6049x7***,failed,Others history team.,21-07-15,304
434-869-3905x47***,failed,Week event throughout positive toward thank enough.,21-07-15,305
001-245-062-9600x***,failed,Share finally hit player campaign protect.,21-07-15,307
(864)785-2092x***,success,Decide only politics together clearly art.,21-07-15,308
4488923***,failed,Pay baby speech direction interview.,21-07-15,309
860-170-0526x***,failed,Human subject approach miss fast many thought.,21-07-15,311
196.020.3***,success,Character choose course wait remain seem change.,21-07-15,313
598.326.2352x***,success,Turn half say opportunity first no get.,21-07-15,314
058.418.5348x24***,failed,Participant yard social these born.,21-07-15,315
+1-525-333-0526x87***,success,Technology money manage understand.,21-07-15,316
126.063.7930x***,success,Hair shoulder international.,21-07-15,318
+1-167-121-4569x9***,failed,Material discuss trade tough.,21-07-15,321
816-991-2556x8***,failed,Large prove his table society control.,21-07-15,323
+1-758-253-1239x6***,failed,Agreement give almost even read offer leader.,21-07-15,324
(661)972-8792x7***,failed,Support share before cold.,21-07-15,326
+1-895-234-9139x45***,success,Anything deep key hour drive information instead.,21-07-15,327
410-928-6***,success,Choose apply none sit he.,21-07-15,328
(434)334-6952x19***,failed,Because anything show lead.,21-07-15,329
916-353-5483x2***,failed,Hospital total level how else.,21-07-15,330
001-545-766-6976x4***,failed,Father leave not baby growth gas deal.,21-07-15,331
(208)707-1***,success,Focus simply past affect any.,21-07-15,333
602.079.1952x8***,failed,Project stop pretty discover act military size future.,21-07-15,334
452-304-9***,success,Purpose determine explain.,21-07-15,335
(022)129-4954x82***,success,Daughter worry which field suggest public enter career.,21-07-15,336
(051)809-2***,success,Coach reason employee impact big.,21-07-15,337
+1-485-789-0279x61***,success,Health arrive human others well wonder.,21-07-15,338
+1-695-037-0321x2***,failed,Wife effect source wrong money wide.,21-07-15,339
001-741-132-4***,success,Vote lead bit memory current lead budget.,21-07-15,340
(159)602-7858x***,success,Claim daughter prepare know material style.,21-07-15,341
1030562***,success,Explain class age travel last.,21-07-15,342
001-173-818-5***,failed,Street join even perhaps board.,21-07-15,344
784-938-6289x9***,failed,Art plant southern direction side medical last.,21-07-15,346
001-238-566-4767x***,success,Word cut fast claim.,21-07-15,348
4205648***,success,Left away everybody yard.,21-07-15,349
670-022-1694x***,success,Somebody teacher quality pull.,21-07-15,350
001-782-689-7***,failed,Laugh show onto example.,21-07-15,351
(464)785-3394x0***,failed,Rate remain through deal choose fund cost.,21-07-15,352
183-175-1333x8***,success,Despite base start behind they night she coach.,21-07-15,353
560-950-9***,success,Show tax community difference enter.,21-07-15,355
001-491-860-3477x***,success,Shoulder figure white agreement yes avoid southern stay.,21-07-15,356
897-665-7292x6***,failed,Bring oil establish investment now office.,21-07-15,357
164.499.2759x4***,success,Our difference control her.,21-07-15,363
(446)162-1713x***,failed,Test guy form west full interesting sister general.,21-07-15,364
+1-123-381-8838x***,failed,Manage sort class enter bad significant.,21-07-15,367
+1-991-821-5636x78***,success,Protect will industry again mention oil.,21-07-15,368
5969234***,failed,Improve up official product many threat maintain produce.,21-07-15,369
641.809.9***,success,Require protect fight wait building.,21-07-15,370
(499)153-4336x***,failed,Remain TV hold its adult who across.,21-07-15,372
936.424.4***,failed,Popular remain land especially more civil name low.,21-07-15,374
+1-944-817-7***,failed,Explain our company population PM adult theory only.,21-07-15,375
204.438.8303x***,success,Popular down body development guess fact of.,21-07-15,377
8087042***,success,Music move debate stuff training strong.,21-07-15,378
534.096.4***,success,Place take party wrong college just.,21-07-15,380
2307516***,success,Me week audience process magazine cut physical.,21-07-15,384
687.527.0***,failed,Particular part sound would air relate that necessary.,21-07-15,389
001-627-799-5751x6***,failed,Take raise finally whether drug.,21-07-15,390
(673)843-3***,success,Arm executive adult forward enjoy line green.,21-07-15,391
342.050.1***,failed,Bag lose across majority whole financial.,21-07-15,394
560.325.4***,failed,Effort laugh former responsibility available soon.,21-07-15,398
8464423***,success,Meet scientist itself small billion rich.,21-07-15,400
667-928-1043x7***,failed,Vote effort effort try century here.,21-07-15,402
(235)582-6***,failed,Land dark throw defense cold always.,21-07-15,404
001-379-239-1486x26***,failed,Song police loss loss.,21-07-15,405
774-600-6009x85***,failed,But yeah drug view.,21-07-15,408
388-518-9020x40***,success,None ability stock system.,21-07-15,412
357-871-1***,failed,Area community leader line.,21-07-15,414
(348)819-9158x***,failed,Trouble own feeling matter TV until.,21-07-15,419
(443)925-3725x18***,failed,Mission evidence wish common recent deal happen.,21-07-15,420
077-012-6723x3***,failed,Check nice business account stay usually prove management.,21-07-15,424
881.385.0***,success,Hit air above character there size yes.,21-07-15,425
(861)510-5***,success,Exactly yet participant political poor forward cell.,21-07-15,427
629.621.2***,failed,Arrive fund stop nearly another drop training.,21-07-15,428
+1-802-056-3341x80***,failed,Remember whether protect either reveal government remember.,21-07-15,431
1146135***,success,Short piece hundred shake student never.,21-07-15,432
+1-200-414-0178x6***,success,Media former mean themselves already.,21-07-15,436
461-852-0583x***,failed,Leader wall force miss dog.,21-07-15,438
(875)708-4823x89***,success,Discover generation each possible knowledge.,21-07-15,439
+1-067-045-5***,failed,Hit true thought account officer others science.,21-07-15,440
+1-024-197-7161x2***,success,Nearly practice despite few describe.,21-07-15,445
+1-063-667-7***,success,Just left point town.,21-07-15,447
346.998.9827x***,success,Civil understand involve my.,21-07-15,448
575-445-6***,success,West mean interest particularly resource night.,21-07-15,449
+1-752-058-8749x9***,success,Billion deep sport crime chair everyone fine.,21-07-15,454
131-147-8***,failed,Different his his personal.,21-07-15,455
751.899.3963x***,failed,Child pretty medical.,21-07-15,456
(990)916-5***,failed,Me law provide success meeting total price.,21-07-15,460
+1-739-990-9620x5***,failed,Soldier right nation music have.,21-07-15,463
6562243***,failed,Term source attention toward bit man.,21-07-15,465
5322897***,failed,Serious nature various truth room very.,21-07-15,466
+1-499-000-3***,failed,That ready section green pick.,21-07-15,467
898-940-9***,success,Write data hard technology wide.,21-07-15,471
001-342-099-5***,success,Action popular body western industry.,21-07-15,473
438.215.2873x***,success,Worry side event speak right tree piece.,21-07-15,476
624.137.6834x85***,failed,Central one century avoid.,21-07-15,477
281-613-3***,failed,Teach number word school generation paper make.,21-07-15,479
(401)064-2106x26***,success,After throw fine stay.,21-07-15,480
511-927-0008x5***,failed,Speech eat decade forget spend forward.,21-07-15,481
631-012-2***,success,Force top such involve step on minute.,21-07-15,482
074.789.2181x8***,success,Treatment method appear industry thought my wind treatment.,21-07-15,483
001-605-656-8947x5***,failed,Little rise into film big other.,21-07-15,485
001-740-808-2***,failed,Old old join yourself though what behavior.,21-07-15,486
001-194-659-5880x0***,failed,Leg collection front practice while offer bad.,21-07-15,487
260-867-6115x78***,failed,But support go firm paper.,21-07-15,489
+1-017-667-6710x***,failed,Fall owner candidate partner sense center travel.,21-07-15,491
(973)580-8***,success,Save mention drop their deal either.,21-07-15,493
912.196.8319x***,failed,Evening need require simple difficult break.,21-07-15,495
(470)821-2951x6***,success,Street name article ask can drop discover.,21-07-15,497
(596)465-9086x4***,failed,Share win decade name population go edge where.,21-07-15,498
(197)832-5***,success,Suffer watch player care conference pressure.,21-07-15,499
255-170-5036x***,failed,Research within firm choose quality.,21-07-15,500
+1-044-584-6370x***,failed,Science first might remain tax.,21-07-15,503
781.107.2539x3***,success,Much whatever under never require mention chance strong.,21-07-15,504
+1-233-581-9780x98***,success,According task travel political.,21-07-15,505
361.375.0390x7***,failed,Often seven painting Democrat local especially.,21-07-15,509
831-644-3506x8***,success,Think compare Democrat actually space.,21-07-15,511
001-401-984-7360x***,success,Same top size party.,21-07-15,513
418.531.5***,failed,Mouth car leave score.,21-07-15,515
001-229-938-7453x1***,failed,Both on perhaps process past.,21-07-15,517
419-437-2***,success,Material sort wear up Mr.,21-07-15,518
518.216.5735x***,success,History will will operation.,21-07-15,521
001-630-241-7***,success,Hand television eat population.,21-07-15,522
+1-474-061-5565x2***,failed,Attack test piece major computer step.,21-07-15,526
962-048-9994x***,success,Successful election sign a person like lose.,21-07-15,528
178.488.3***,success,Participant senior floor writer prove majority more.,21-07-15,533
+1-842-723-2***,failed,Lawyer order ball great also.,21-07-15,536
2478495***,failed,Admit coach each gun very hundred.,21-07-15,539
+1-455-097-9956x83***,success,Public across stop herself lot senior.,21-07-15,541
853.470.1***,failed,Movie debate once already involve.,21-07-15,543
182-203-2137x3***,failed,Way write east modern.,21-07-15,544
194.135.5726x22***,failed,Example child occur use month.,21-07-15,545
133.385.7***,success,From cost woman consider history yourself my.,21-07-15,546
001-069-488-0972x42***,failed,Of audience pull themselves onto make.,21-07-15,548
(448)820-1921x***,failed,I Democrat foreign cultural song debate blue.,21-07-15,550
(818)807-1***,failed,Itself require down but might federal necessary.,21-07-15,551
563-423-6266x***,failed,Commercial care let middle north strong.,21-07-15,552
275.499.2***,success,Stage without however remember risk.,21-07-15,555
001-961-376-3250x9***,success,Rest short wide find pretty relate just my.,21-07-15,560
2737241***,success,Force from window each unit.,21-07-15,563
(516)543-6696x14***,success,Sense window when cup lead assume according home.,21-07-15,564
1296684***,success,Book field without wish state our partner.,21-07-15,565
282-318-8***,success,Bank organization under force teacher clearly.,21-07-15,567
596.719.2982x2***,success,Heavy lawyer a ahead letter.,21-07-15,568
895-634-4063x***,failed,Lead threat phone shake for energy travel all.,21-07-15,570
001-302-778-2786x***,failed,Wonder best majority impact time break.,21-07-15,571
126.503.9156x4***,success,Science crime control office force significant.,21-07-15,573
216-371-3***,success,Cell environment with art state TV.,21-07-15,575
+1-487-789-6741x***,success,Modern suggest point grow town.,21-07-15,576
729.878.8008x9***,success,Might heart physical fund strong loss.,21-07-15,577
+1-789-224-6925x8***,success,Join yard decide organization never security activity.,21-07-15,582
203-245-5***,success,Be season drive health use throughout remember animal.,21-07-15,583
+1-954-309-8637x26***,failed,Although food degree four item recently deal.,21-07-15,584
001-535-723-7612x9***,failed,International simply network last thus work.,21-07-15,585
6637391***,failed,Member sort wait quality find resource feeling cultural.,21-07-15,588
6429681***,success,Since personal during least.,21-07-15,590
001-409-880-2***,failed,Wide theory end east ask.,21-07-15,592
001-483-892-8118x9***,failed,Draw decade scientist race though direction.,21-07-15,593
001-253-133-2687x95***,success,Rise event value various poor.,21-07-15,596
+1-198-945-8280x***,success,Start soldier thus have.,21-07-15,597
(277)458-5709x***,success,Tend necessary company piece tree force attention until.,21-07-15,600
396.427.9461x5***,failed,Land car security dog above serve window.,21-07-15,601
858.215.8***,failed,Nothing eye suffer partner response recognize fish.,21-07-15,602
(172)076-3356x***,success,Century school thus adult expect far.,21-07-15,606
+1-264-149-4443x38***,failed,Culture company section loss effort anyone.,21-07-15,609
(227)653-9402x***,success,Act child who class turn firm.,21-07-15,611
001-086-083-3920x2***,success,Especially parent second government stop light.,21-07-15,615
001-980-881-0504x***,failed,Voice son heart.,21-07-15,616
499.200.4401x64***,success,These put blood position attack treatment short.,21-07-15,617
606.228.0202x70***,failed,Remain capital apply letter return million mention.,21-07-15,619
001-729-850-2621x30***,failed,Accept go exist sometimes.,21-07-15,620
841.506.9484x4***,failed,Main four position response man authority place stuff.,21-07-15,621
(491)409-7***,failed,Whose feeling health knowledge key sometimes.,21-07-15,622
068.576.8615x0***,success,His reason cover mouth edge authority.,21-07-15,624
942-484-4***,failed,Partner scientist or dinner tonight heavy.,21-07-15,626
+1-620-098-5***,failed,Special area measure prevent capital name.,21-07-15,628
+1-477-436-1360x2***,success,Somebody only difference debate article third them.,21-07-15,629
1434508***,failed,Garden tell day candidate.,21-07-15,632
(933)968-3200x8***,success,Science day seven early official performance five.,21-07-15,633
(280)434-7901x***,failed,Air product reveal team join moment power.,21-07-15,634
962.786.0***,success,Style current me former.,21-07-15,635
+1-203-953-3302x***,failed,Personal would fill city good time.,21-07-15,637
+1-292-442-1385x73***,success,Stay film what threat.,21-07-15,639
299.529.6745x08***,success,Report light professional cell before.,21-07-15,640
2138297***,success,Middle anyone student development response whole.,21-07-15,643
001-404-265-1037x08***,failed,Little occur budget south artist attorney cover.,21-07-15,644
+1-080-340-2771x***,failed,Organization machine imagine business region success word.,21-07-15,647
814.043.3***,success,True season across.,21-07-15,648
+1-533-346-8242x2***,success,Thing ready add.,21-07-15,649
(042)777-3047x4***,failed,Experience individual development capital offer difficult.,21-07-15,654
942.586.7***,success,Project car voice happen generation week.,21-07-15,655
212.351.3560x***,failed,Threat even attention us eye week personal truth.,21-07-15,657
(400)850-8***,failed,Floor very media.,21-07-15,658
001-701-033-7722x92***,success,Factor end where quite view wife.,21-07-15,660
(282)632-1522x6***,success,Manager him scene I central argue fight.,21-07-15,662
+1-841-351-9528x***,failed,Nice treat approach story man leg ever.,21-07-15,664
001-260-420-3***,success,Collection surface boy lose perhaps.,21-07-15,665
001-244-961-7601x4***,failed,Town piece bit.,21-07-15,669
5599797***,success,Seem wonder early activity write certain another.,21-07-15,670
(475)900-2327x***,failed,Or American person everyone.,21-07-15,671
(654)716-8***,failed,List product throughout.,21-07-15,672
001-284-224-3620x69***,success,Officer owner moment.,21-07-15,673
+1-069-931-7***,success,Place actually arrive environmental.,21-07-15,674
(596)399-7***,success,Record assume image room phone financial.,21-07-15,679
(704)729-1696x5***,success,Particular network behavior address.,21-07-15,680
(307)774-9***,failed,Memory professor truth better.,21-07-15,683
+1-503-680-2765x95***,success,Yeah least hair member a single.,21-07-15,685
235.956.0176x2***,failed,Pressure more military course line eat.,21-07-15,687
076-083-1***,failed,Trip tough itself.,21-07-15,688
957.218.2552x4***,failed,Matter lead force large investment general dinner center.,21-07-15,689
001-855-809-5136x8***,failed,Share during dark likely send safe.,21-07-15,690
1536947***,failed,Adult better father.,21-07-15,692
274-521-6171x***,success,Similar source consider performance red seat art.,21-07-15,693
(379)591-4***,failed,Follow born ground election.,21-07-15,694
611.934.3***,failed,Form goal night body dog deal.,21-07-15,695
+1-760-530-9356x4***,failed,Concern Republican one life try.,21-07-15,699
(054)354-2268x***,failed,Guy someone thousand thing report.,21-07-15,700
+1-580-481-3***,success,Cold yeah cell article look them someone.,21-07-15,701
001-758-659-8387x2***,success,Crime into air by.,21-07-15,703
+1-168-792-9797x***,failed,Western election receive skin win.,21-07-15,704
658-703-5178x4***,failed,Identify development them half trouble sometimes language.,21-07-15,706
898-604-5298x85***,failed,Computer run under keep sister data.,21-07-15,708
001-895-614-0***,failed,Model step such ahead place imagine size.,21-07-15,711
001-630-031-5133x***,failed,Reason range growth provide ok shoulder with.,21-07-15,712
(146)571-0367x42***,failed,Look detail low start represent pull.,21-07-15,718
122.264.3***,success,Tree project heavy form must challenge pull.,21-07-15,719
519-799-9***,failed,World light hope.,21-07-15,722
031-559-3***,failed,Region within example job.,21-07-15,725
(935)235-8***,success,Talk fish prevent air area speech.,21-07-15,726
174-953-0***,success,Color production college often build successful vote bag.,21-07-15,730
+1-722-571-1715x0***,success,Per design try.,21-07-15,731
(205)782-7***,failed,Together part let voice buy pass.,21-07-15,732
9465203***,success,Wind treatment step play care.,21-07-15,733
109-606-6319x7***,success,Decide case consider success success world.,21-07-15,734
+1-161-608-3113x03***,success,Whatever watch successful clearly family include per.,21-07-15,735
(978)257-7***,success,System field nature now term hair late.,21-07-15,738
529.636.9513x***,failed,Goal something past student couple.,21-07-15,747
(460)411-6558x19***,failed,Hair kitchen full life.,21-07-15,748
323-422-3020x79***,success,Above own or future.,21-07-15,753
052-698-5649x6***,failed,Cold voice east herself find time eat.,21-07-15,755
(965)354-8***,failed,Right water wear none.,21-07-15,756
001-012-155-6182x3***,failed,Mouth mention cover Republican sea entire scientist.,21-07-15,758
6953314***,success,Term girl represent stuff me.,21-07-15,760
0931580***,success,Talk view effect matter movie.,21-07-15,763
613.605.3475x8***,failed,Walk down including.,21-07-15,765
001-943-183-9474x78***,success,Cell concern task.,21-07-15,766
(745)498-5048x27***,success,Yourself open letter ask man hear.,21-07-15,768
+1-686-143-5***,failed,Language worker article quickly nearly.,21-07-15,769
1040873***,failed,Save administration quality.,21-07-15,771
+1-454-946-6495x***,success,Religious life necessary air.,21-07-15,773
451-270-0***,failed,Simply operation show.,21-07-15,776
001-881-708-2935x***,failed,Whose camera fast I argue reason.,21-07-15,778
(727)625-7***,failed,Arrive back opportunity consider.,21-07-15,779
(798)896-2579x7***,failed,Step inside rock hour.,21-07-15,781
075-359-7665x***,failed,Travel camera never.,21-07-15,783
340.618.6286x***,success,Responsibility administration think professor present board.,21-07-15,785
(085)578-0915x1***,success,Kind safe system will.,21-07-15,786
001-090-156-2654x6***,failed,Themselves my writer set people lay executive.,21-07-15,787
038.687.4584x56***,success,Allow success ever water but so care.,21-07-15,789
(988)813-7***,failed,Probably black everybody two anything training almost.,21-07-15,790
001-201-338-6030x3***,success,It lead place now.,21-07-15,792
001-877-391-0342x***,success,Heart minute poor generation true much.,21-07-15,793
306.906.0535x8***,success,Resource recent exist show degree they here about.,21-07-15,796
+1-866-662-8***,success,Station suffer their watch.,21-07-15,797
+1-758-147-7086x0***,success,Information every adult past while.,21-07-15,798
001-506-487-4477x***,failed,Reflect I nearly recently black image big whole.,21-07-15,800
+1-032-698-2138x***,failed,Watch but visit small.,21-07-15,802
001-336-650-7632x***,success,Past interview could over direction draw official.,21-07-15,803
560.698.7***,failed,Major process bad kitchen both newspaper.,21-07-15,804
592.792.4095x2***,failed,Final teacher bar quality expert everyone.,21-07-15,807
837.274.6751x2***,failed,Experience officer enter if personal prevent us.,21-07-15,809
007-346-0***,failed,Officer dark live social act back.,21-07-15,810
065-009-1247x***,success,Actually they appear often thus available.,21-07-15,811
1655791***,success,Structure meet energy town rather sport author.,21-07-15,812
362-770-2628x***,failed,Surface hear possible bad raise method.,21-07-15,814
(402)648-1***,failed,Throughout north long we.,21-07-15,815
411.123.2535x39***,failed,Citizen almost see.,21-07-15,818
001-056-605-4***,success,Year interview attack few.,21-07-15,820
001-825-745-7526x83***,failed,Base care wall option produce stock win.,21-07-15,821
094.147.1***,success,Once choose run husband already.,21-07-15,822
+1-115-439-2***,success,First off partner quite spring style.,21-07-15,826
117-624-7145x50***,failed,Go cut seven manage.,21-07-15,828
(553)000-7***,failed,While dog happy camera win responsibility.,21-07-15,829
848-416-9405x0***,success,Pretty high late road street page response.,21-07-15,830
+1-929-727-0872x***,success,Reach two property civil series probably difficult.,21-07-15,831
001-699-699-8531x56***,success,Ok their walk mother visit find control it.,21-07-15,832
2257927***,success,During senior about worry lay begin.,21-07-15,833
465.371.0991x4***,success,Mother million recognize.,21-07-15,835
198.275.6159x08***,success,Open budget within threat increase to show.,21-07-15,838
9877201***,failed,Spring factor direction then source.,21-07-15,839
313.425.0570x4***,failed,Mind prevent police bar.,21-07-15,844
(045)218-7717x15***,success,Including night the officer radio prepare.,21-07-15,847
7076441***,success,Official born usually miss.,21-07-15,849
001-932-517-0458x***,success,Leave back plan produce most nation debate.,21-07-15,850
637.188.7***,success,Seat our central official.,21-07-15,852
685.053.2126x***,failed,Allow someone standard other upon state.,21-07-15,854
+1-179-436-0022x89***,failed,Spring pressure age skin.,21-07-15,856
7699373***,success,Test indeed trouble focus arm rich particularly.,21-07-15,859
286.796.5***,failed,Realize now contain lay reveal fast do.,21-07-15,860
663.866.9996x62***,success,Look tend very bill law itself.,21-07-15,863
+1-674-982-7336x22***,failed,Practice director modern case control physical.,21-07-15,865
(556)652-3***,failed,Result anything himself democratic part health another.,21-07-15,868
929.371.4***,failed,Remain campaign around him.,21-07-15,869
(199)676-6519x***,success,Training realize per close pressure challenge standard.,21-07-15,870
+1-059-737-1***,success,Worry table understand teacher.,21-07-15,875
+1-654-723-1594x51***,failed,Opportunity training require.,21-07-15,879
878-623-5506x0***,failed,Cold that international network him.,21-07-15,881
+1-580-317-3444x95***,success,They lose receive that lawyer.,21-07-15,884
001-916-020-4858x22***,failed,Election reach fly commercial wife perhaps north fear.,21-07-15,885
131-025-5***,failed,Camera serve rich.,21-07-15,886
8080078***,success,Senior sit everybody approach from.,21-07-15,888
001-907-911-8232x1***,success,Policy dark hotel class son small adult.,21-07-15,889
001-817-797-3***,failed,He feeling book everyone.,21-07-15,891
149.101.8999x97***,success,Just voice much whose model.,21-07-15,892
648-575-3362x36***,failed,Compare common happen management risk arrive.,21-07-15,895
+1-023-490-4796x***,failed,Hotel majority total leader accept.,21-07-15,896
966-245-3371x***,failed,Herself keep place political end live.,21-07-15,898
(660)223-9***,success,Look last plan pass.,21-07-15,901
251-385-9***,failed,Themselves appear character news itself indeed analysis.,21-07-15,902
910-335-5***,success,Team even need catch weight wait natural.,21-07-15,905
(049)968-0956x***,failed,It mind hundred drive.,21-07-15,906
355-937-3***,failed,Such goal nothing fact.,21-07-15,907
690-911-7744x13***,failed,Us wide less for key stock store standard.,21-07-15,909
948-074-8***,success,Maybe hard four single dinner meet.,21-07-15,911
001-792-858-4803x0***,failed,With mention lead open stage.,21-07-15,912
+1-597-447-7349x1***,success,Light movie very follow since soldier American.,21-07-15,915
001-744-111-3113x26***,failed,His whom firm account peace firm guess.,21-07-15,916
(424)963-8***,success,Fall agent remain arm figure run others.,21-07-15,918
001-999-186-1***,failed,Police consider hope.,21-07-15,920
001-635-836-8908x3***,failed,You agency during.,21-07-15,921
+1-920-887-6080x***,success,Pressure way reveal air.,21-07-15,922
+1-304-089-0***,failed,Rather which several share.,21-07-15,923
(237)051-2257x0***,failed,Picture sense must.,21-07-15,929
429-232-1200x***,failed,Drug public by explain movement stop seven.,21-07-15,930
+1-564-422-0***,failed,Provide network skill grow reason defense.,21-07-15,932
1556354***,failed,Protect well situation yes.,21-07-15,933
001-823-507-2806x71***,success,Environment while local catch military for everyone anyone.,21-07-15,936
403-935-2823x46***,success,Wife relate ability.,21-07-15,938
+1-434-223-5576x58***,success,Particular end color small.,21-07-15,940
+1-435-344-0757x0***,success,Him citizen anything memory cut raise.,21-07-15,941
041.099.6***,failed,Professor method process hospital.,21-07-15,942
001-022-108-0191x57***,success,Behind either music employee.,21-07-15,943
001-421-290-7***,success,Onto follow star pattern forward.,21-07-15,945
9824952***,success,Clear enter build color really represent.,21-07-15,948
+1-154-783-2***,failed,Figure sure choice leg but compare.,21-07-15,950
841.492.2***,failed,Clear throw executive single.,21-07-15,951
001-758-216-5***,success,Politics place suggest morning.,21-07-15,952
(300)991-7990x44***,success,Read tree sort agree message however value box.,21-07-15,953
001-468-307-9737x2***,success,Tree sing each which everybody big.,21-07-15,954
667.511.7***,success,Budget personal personal son enjoy few compare specific.,21-07-15,956
001-927-439-8907x64***,failed,Which while paper thank protect.,21-07-15,960
+1-839-584-1162x23***,failed,Establish magazine world tend strong.,21-07-15,961
572-292-9693x9***,success,Medical record idea level guy white.,21-07-15,962
001-696-921-7078x***,success,Article different election produce protect listen key.,21-07-15,963
902-025-9839x84***,failed,Argue receive thus start general there.,21-07-15,965
288-995-7021x66***,failed,Computer history blood wall view light also.,21-07-15,966
(181)078-6948x***,success,Quite education design dream.,21-07-15,967
285-336-2***,failed,Possible early whether seven door.,21-07-15,969
(986)306-2561x***,failed,Do compare consumer apply ahead religious detail among.,21-07-15,970
001-007-500-4728x97***,failed,Say else away raise have agreement you.,21-07-15,974
(047)741-7133x61***,success,Air boy knowledge still agreement feel.,21-07-15,976
(524)317-9***,failed,Bed start certain should its stage.,21-07-15,977
203-297-6***,success,Half board after hour wall thousand.,21-07-15,979
1700611***,failed,They arm skill successful hospital.,21-07-15,980
(331)599-3099x74***,success,You again friend despite.,21-07-15,981
+1-349-016-0981x3***,success,Boy charge sell then.,21-07-15,984
3356755***,failed,Focus area production owner quickly.,21-07-15,985
305.419.6511x***,failed,Source capital next current throughout over result.,21-07-15,988
001-703-144-4606x03***,failed,Toward value budget piece more prepare minute education.,21-07-15,991
+1-888-943-0277x3***,failed,President then safe affect kitchen.,21-07-15,993
+1-923-778-9874x38***,failed,Two success decision marriage lay scene full.,21-07-15,995
665.404.1790x***,success,Spring cut line her son learn article.,21-07-15,1000
+1-547-710-2***,success,Deal field me.,21-07-15,1001
001-204-402-8***,success,Pick break own card anything them dog personal.,21-07-15,1002
