status_id,id,phone,created_at,description
success,3,696.752.6***,21-07-15,Relate book keep edge significant eye institution color.
failed,4,001-453-941-1***,21-07-15,Look specific physical result attention manage car future.
success,5,007.691.5***,21-07-15,Because bar pressure wish candidate six.
success,6,812-538-6358x2***,21-07-15,Nearly always economy view what.
failed,8,+1-107-816-0019x3***,21-07-15,As lot southern five young skill pretty.
success,9,564-603-7***,21-07-15,Agreement happen station whom record participant student.
success,10,663.609.4357x5***,21-07-15,Although drop because image.
success,11,325-449-1639x6***,21-07-15,Free floor which approach.
success,12,(689)412-7075x24***,21-07-15,Trip send improve dark music teach.
success,14,196-520-4***,21-07-15,Indicate own across record.
failed,15,(263)707-3176x0***,21-07-15,Training station find ask last many free agree.
success,18,+1-629-182-2***,21-07-15,Family assume suddenly lot start go position.
success,21,906-827-4640x***,21-07-15,Check community method must budget group kind begin.
success,24,046.401.2761x***,21-07-15,Read tonight worry long.
failed,25,(383)961-2791x8***,21-07-15,Fill word bar employee today officer well.
success,26,233-064-0012x6***,21-07-15,Class area where yes billion.
success,28,3407909***,21-07-15,Add media operation light they draw.
failed,31,902.479.4***,21-07-15,Form truth seem item.
failed,33,3229255***,21-07-15,Adult increase including know language certain.
failed,34,+1-179-106-5***,21-07-15,Answer road network late hour.
failed,35,001-928-074-1292x***,21-07-15,Nature popular political bring turn drive.
success,39,078.877.4959x***,21-07-15,Open season none natural western.
success,42,001-753-951-3***,21-07-15,Enter create first after against stuff.
success,43,+1-602-077-5410x***,21-07-15,Minute newspaper TV former truth soldier husband.
success,48,729.930.6456x3***,21-07-15,Strong them offer to.
success,53,696.752.6***,21-07-15,Relate book keep edge significant eye institution color.
failed,54,001-453-941-1***,21-07-15,Look specific physical result attention manage car future.
success,55,007.691.5***,21-07-15,Because bar pressure wish candidate six.
success,56,812-538-6358x2***,21-07-15,Nearly always economy view what.
failed,58,+1-107-816-0019x3***,21-07-15,As lot southern five young skill pretty.
success,59,564-603-7***,21-07-15,Agreement happen station whom record participant student.
success,60,663.609.4357x5***,21-07-15,Although drop because image.
success,61,325-449-1639x6***,21-07-15,Free floor which approach.
success,62,(689)412-7075x24***,21-07-15,Trip send improve dark music teach.
success,64,196-520-4***,21-07-15,Indicate own across record.
failed,65,(263)707-3176x0***,21-07-15,Training station find ask last many free agree.
success,68,+1-629-182-2***,21-07-15,Family assume suddenly lot start go position.
success,71,906-827-4640x***,21-07-15,Check community method must budget group kind begin.
success,74,046.401.2761x***,21-07-15,Read tonight worry long.
failed,75,(383)961-2791x8***,21-07-15,Fill word bar employee today officer well.
success,76,233-064-0012x6***,21-07-15,Class area where yes billion.
success,78,3407909***,21-07-15,Add media operation light they draw.
failed,81,902.479.4***,21-07-15,Form truth seem item.
failed,83,3229255***,21-07-15,Adult increase including know language certain.
failed,84,+1-179-106-5***,21-07-15,Answer road network late hour.
failed,85,001-928-074-1292x***,21-07-15,Nature popular political bring turn drive.
success,89,078.877.4959x***,21-07-15,Open season none natural western.
success,92,001-753-951-3***,21-07-15,Enter create first after against stuff.
success,93,+1-602-077-5410x***,21-07-15,Minute newspaper TV former truth soldier husband.
success,98,729.930.6456x3***,21-07-15,Strong them offer to.
success,103,232.987.5070x40***,21-07-15,Know half experience visit city anything.
failed,105,+1-748-797-9708x1***,21-07-15,Trouble without particularly trouble food.
failed,109,942-946-2490x6***,21-07-15,Customer though push pay adult.
failed,111,+1-555-541-0180x9***,21-07-15,How positive fund speak own letter program.
failed,113,001-109-545-3***,21-07-15,Year exist fill specific.
failed,116,688.830.5768x***,21-07-15,Day under take class movie plan their section.
failed,117,2519128***,21-07-15,Machine environmental thing plan attention.
failed,118,7321086***,21-07-15,Situation bit after window police worry million.
success,124,984.818.1***,21-07-15,Sport author maybe policy color finally tell.
failed,125,(370)688-0753x***,21-07-15,Boy adult visit week.
success,127,(746)092-8009x***,21-07-15,Reduce attorney design fire.
success,128,123-590-2054x***,21-07-15,Strategy red pull dog push bad trouble.
success,129,723-901-2482x28***,21-07-15,Health help as any be anything building.
success,132,+1-421-156-0***,21-07-15,Interview order fly six benefit officer.
success,133,001-871-204-3964x4***,21-07-15,Make space energy base exactly television fine computer.
failed,136,+1-937-279-3***,21-07-15,Their bad record organization perform.
failed,137,478.816.1203x***,21-07-15,Itself certainly also standard once financial window make.
success,139,(865)153-1285x***,21-07-15,Produce project out only bring city.
failed,141,055-604-2***,21-07-15,Bar maybe treatment guess.
success,143,830-854-4454x6***,21-07-15,Factor movie maybe help different hair attorney.
success,144,(543)112-5***,21-07-15,With anything tough.
failed,145,001-614-289-1485x29***,21-07-15,Pull amount piece quality similar.
success,146,001-116-649-7***,21-07-15,Near fire either ask save before.
success,148,(664)660-9072x4***,21-07-15,Tv Democrat surface Mr.
success,149,001-455-577-9575x10***,21-07-15,Allow son stop leg after office.
success,150,270.526.4***,21-07-15,School wide history radio front.
success,151,(095)104-0987x4***,21-07-15,Stay hot everybody.
success,152,(374)522-6179x***,21-07-15,Material trip test face late training.
success,153,692.459.8652x6***,21-07-15,Maintain range allow black.
success,155,429.372.1807x16***,21-07-15,Quite central window yourself least time.
success,156,486.927.6807x9***,21-07-15,Only near long eight feeling others this.
success,158,279-363-5210x99***,21-07-15,Of somebody property different production remember explain.
success,159,001-985-566-7649x70***,21-07-15,News tend result control race husband.
success,160,364-552-1620x***,21-07-15,Life especially machine available.
failed,162,762-707-3***,21-07-15,Artist throw lawyer high recently save what.
success,163,509.666.2***,21-07-15,Sing win live bed force establish PM central.
success,164,001-690-482-4812x***,21-07-15,Out draw thought friend expect.
success,165,574-717-2792x0***,21-07-15,Experience stock minute half very her evening.
success,169,410.021.9***,21-07-15,Agent improve writer any market trouble.
failed,170,+1-610-325-0957x47***,21-07-15,Consider tonight among need item particularly tonight.
success,172,+1-331-391-6011x***,21-07-15,Democratic particular agreement hour choose may type side.
failed,173,286.464.1088x***,21-07-15,Per simple film dinner care.
success,174,161-704-2345x8***,21-07-15,Popular hot firm.
success,175,166.571.7***,21-07-15,Own heart clearly deal way floor where.
failed,177,786.292.9975x51***,21-07-15,Nothing lot share world possible perhaps.
failed,178,817-849-2317x***,21-07-15,Outside town investment agent how put reflect.
failed,179,001-107-784-9706x44***,21-07-15,Act whatever both generation.
success,180,+1-017-330-5120x***,21-07-15,Walk maybe change build too store.
success,185,934-815-2832x***,21-07-15,They child establish social hair tend.
failed,187,260-415-8731x***,21-07-15,Take those staff agency improve.
failed,190,(499)471-9***,21-07-15,Data create range.
success,192,001-484-313-3440x90***,21-07-15,Job recognize goal mean expect.
failed,193,558-485-6685x***,21-07-15,Practice leg eye article first quickly.
failed,195,(575)996-4353x3***,21-07-15,Oil town structure environmental share wide husband question.
failed,199,3963907***,21-07-15,Should country agree hard visit with television.
failed,202,0326633***,21-07-15,Nor public matter ago modern north.
failed,206,001-704-564-5***,21-07-15,Including prevent his fight.
failed,207,+1-952-929-2405x3***,21-07-15,Carry bill that continue population require.
success,212,902-957-1***,21-07-15,North drive recent woman conference natural that.
failed,213,(015)663-8***,21-07-15,History former him feeling clear.
success,214,027.129.7584x2***,21-07-15,Hospital include join.
failed,218,061-199-6***,21-07-15,Think dinner old environment never form.
failed,219,001-884-188-1839x1***,21-07-15,Garden responsibility water wide.
failed,220,511.167.0***,21-07-15,Responsibility hope difficult view once ready.
success,228,932-072-6788x9***,21-07-15,Arrive according national side.
success,229,312.207.8362x70***,21-07-15,Use right artist sit card.
failed,230,+1-467-393-1573x***,21-07-15,Early describe seek can.
success,233,(443)883-2***,21-07-15,Share wait west work dream education chair.
success,236,2265672***,21-07-15,Though recently health interesting a.
failed,237,297.168.1162x***,21-07-15,Challenge item shake at minute every.
success,240,+1-548-067-2686x***,21-07-15,Probably vote camera lay indeed become.
success,241,(335)638-6***,21-07-15,Measure experience peace door.
failed,242,+1-122-882-9275x***,21-07-15,Word reveal deep.
failed,243,+1-514-847-4997x4***,21-07-15,Everybody case national rich possible treat something.
success,245,+1-670-680-6305x***,21-07-15,Mission question according writer onto system itself right.
success,247,535.320.6988x***,21-07-15,International gas change he shoulder dinner past.
failed,249,371.766.2***,21-07-15,Arm than future building.
success,252,001-545-262-7431x18***,21-07-15,Box owner concern fly.
failed,253,(302)099-1458x54***,21-07-15,Move such down next voice.
success,255,001-590-536-6439x***,21-07-15,What move production discussion.
failed,257,940.851.9***,21-07-15,Let politics high whose kind help alone blood.
success,258,001-398-321-1***,21-07-15,Democratic go role like measure approach card.
success,260,+1-858-565-3730x***,21-07-15,Fall American material over policy.
failed,261,529.326.7145x4***,21-07-15,Personal nor stage before audience call rest.
success,263,001-590-693-1***,21-07-15,Price region page.
success,264,076.484.9492x***,21-07-15,Seven positive again own such account.
failed,266,+1-384-434-3588x37***,21-07-15,Because station send.
success,269,001-008-668-6***,21-07-15,Beat establish since father certain.
failed,270,308.819.2525x***,21-07-15,Treat discussion when arm keep population high.
success,271,001-435-585-0087x9***,21-07-15,Allow place short try.
success,273,961-748-8719x***,21-07-15,Else fight interesting room.
success,274,890-673-3729x39***,21-07-15,Charge from respond each simply.
success,277,123.261.9***,21-07-15,Million claim forget former.
failed,279,+1-025-364-7426x***,21-07-15,Town offer fill give agree now.
success,281,987-653-2571x***,21-07-15,Standard water college parent past minute really.
success,282,764.453.1144x***,21-07-15,Feel foot reflect.
success,284,5147737***,21-07-15,Democrat page respond impact down to attack.
failed,285,+1-102-305-0682x56***,21-07-15,Movement heavy effect worker close travel case.
success,286,(513)857-8***,21-07-15,Resource test television consumer it design seek.
success,287,258-309-9725x4***,21-07-15,Pass choice international customer.
success,289,+1-161-297-1427x97***,21-07-15,Already think artist election move.
success,292,(223)401-7020x3***,21-07-15,Win you serve bar effort.
success,293,0519878***,21-07-15,American amount condition evening tonight.
success,294,901.606.5002x***,21-07-15,Drive act under area Mr lose toward.
success,296,+1-530-582-6697x9***,21-07-15,Either talk doctor house leg sometimes against.
success,297,(650)407-3***,21-07-15,Serious increase service road enter news.
success,299,325-261-5425x40***,21-07-15,Condition energy easy behavior light special lot.
failed,300,727.394.4***,21-07-15,Popular under draw next first Mrs.
failed,303,001-582-086-7***,21-07-15,Should half soon discussion early husband.
failed,305,443-439-4299x***,21-07-15,Teacher likely identify view what.
failed,306,265-746-0654x***,21-07-15,Nature carry outside.
success,308,811.487.9***,21-07-15,These last part key through course write.
failed,310,407.984.8304x***,21-07-15,This military available positive.
success,312,(728)676-1619x***,21-07-15,Including that guy popular.
failed,316,(182)312-0816x***,21-07-15,Tv find nature mention by sense today.
failed,318,001-597-175-0***,21-07-15,Total week early cold full.
success,320,023-506-3842x***,21-07-15,When position interesting such.
failed,327,022-297-1795x***,21-07-15,Couple baby religious fall.
success,328,001-849-844-1224x8***,21-07-15,Doctor discuss back table expect sell when.
success,329,9975809***,21-07-15,Ever send name alone.
success,330,+1-717-460-6687x82***,21-07-15,Miss civil onto along culture order.
failed,331,+1-087-909-5718x***,21-07-15,Thing then individual early how than nothing.
failed,332,001-396-706-8231x***,21-07-15,Single conference relate indicate live argue.
success,333,001-265-452-9705x2***,21-07-15,Happy expect truth who determine.
failed,338,166-197-3055x78***,21-07-15,Performance account where let office second.
failed,339,1968102***,21-07-15,Civil positive benefit significant.
failed,340,001-039-813-9814x04***,21-07-15,These drive real student sit anything war.
failed,343,3572697***,21-07-15,Part population sing job major.
failed,347,001-362-570-8***,21-07-15,Put suffer far.
success,348,001-840-826-8117x58***,21-07-15,Fine arrive partner simple.
success,349,(171)991-8088x12***,21-07-15,Admit your shoulder rest effect.
failed,355,520.927.2***,21-07-15,Person strong hundred already threat party ahead edge.
success,357,1551985***,21-07-15,National chair test certain step head.
failed,358,+1-103-013-8296x7***,21-07-15,Way never body lose early.
success,361,001-070-346-1637x***,21-07-15,Finally work information about.
success,363,623.417.9***,21-07-15,Firm condition government anyone anyone range whose how.
success,364,001-544-059-7868x89***,21-07-15,Far dog with amount.
success,365,397-936-5***,21-07-15,Study perform time standard.
success,366,593-354-0805x4***,21-07-15,Choose especially build here school western consider.
success,367,835.561.8813x63***,21-07-15,Last factor parent population order marriage room.
failed,371,023-642-8691x***,21-07-15,Today well small organization green major.
success,372,+1-151-543-8***,21-07-15,Tell plant recent believe executive sure trouble.
success,373,(545)206-4***,21-07-15,National or charge cause teacher white.
failed,374,(462)953-1***,21-07-15,Chair garden they water.
failed,376,+1-193-116-1179x1***,21-07-15,Ground economy rise surface improve.
failed,379,001-387-591-3342x***,21-07-15,Plant finally question teacher certainly.
failed,383,(092)442-2***,21-07-15,Wonder answer different often own avoid parent.
failed,384,115-065-9843x1***,21-07-15,Treat find picture certainly.
failed,386,001-860-600-6679x***,21-07-15,According standard draw likely fish offer.
success,387,752.382.5***,21-07-15,Speak term why at pull find little.
failed,388,850-175-8***,21-07-15,Use become upon help chance people.
failed,389,023-678-4***,21-07-15,Message movement Mr out country.
success,392,+1-227-342-9516x***,21-07-15,Carry sport community family money ago.
success,393,4129010***,21-07-15,Happy draw four entire throughout.
success,399,799-219-5***,21-07-15,As relate nor also before.
failed,400,001-449-827-7***,21-07-15,Whom kid reason.
success,401,718.771.1***,21-07-15,Region right stand theory.
failed,402,951-794-4421x7***,21-07-15,Expert page begin prevent national.
success,403,194-712-6982x***,21-07-15,Art floor become six blood west.
failed,406,121.835.9***,21-07-15,History exist gun onto.
success,407,(404)466-7270x6***,21-07-15,Mrs memory just.
success,415,749-165-8159x79***,21-07-15,Reflect rock wonder ball nor southern wall.
success,417,(384)363-4805x***,21-07-15,Capital difficult education lay speak college hear night.
success,419,001-981-235-2175x90***,21-07-15,Leave responsibility because month exactly store tell.
failed,420,605-790-8688x***,21-07-15,Black job song bring before.
success,425,674-742-8***,21-07-15,Window pull top maybe bar program low feel.
failed,427,+1-017-066-2***,21-07-15,Responsibility worker administration energy summer close.
failed,429,379-463-4460x***,21-07-15,Bar reach local can both someone clearly.
success,431,+1-830-443-1602x25***,21-07-15,Focus subject raise her cost born.
success,432,001-751-701-2273x11***,21-07-15,Democrat true find break determine environmental out.
failed,433,001-684-609-7***,21-07-15,Onto movie list gas stage eye ok.
success,434,5609734***,21-07-15,More knowledge thank Congress.
failed,435,001-291-304-8864x12***,21-07-15,Scientist international accept off move.
failed,436,112.062.8994x8***,21-07-15,Season agent TV rule product employee.
success,439,+1-758-236-2838x13***,21-07-15,College around clear approach week.
failed,441,+1-056-495-8764x2***,21-07-15,Improve become example executive size.
failed,444,+1-543-777-3***,21-07-15,Decade especially arm short stuff large.
failed,445,5432687***,21-07-15,Country necessary painting nearly truth key.
success,446,(925)281-2274x5***,21-07-15,Simple main computer position day.
failed,451,429-040-5***,21-07-15,Seem whom source democratic probably wear.
failed,453,058.949.7351x3***,21-07-15,Create officer song computer.
failed,456,001-367-909-8942x***,21-07-15,Bill us hair rule.
failed,458,8418876***,21-07-15,Of your smile item.
failed,460,001-503-133-0***,21-07-15,However catch individual ask dark mouth issue.
failed,461,+1-802-648-9242x20***,21-07-15,Goal show maintain movie art.
success,462,167-582-8040x***,21-07-15,Compare expect difficult party enjoy.
success,463,1815925***,21-07-15,Interview assume family rest.
success,466,929-041-5019x4***,21-07-15,During miss such check generation age significant reason.
success,467,1019783***,21-07-15,Sound dinner push couple meeting build.
success,469,(210)392-3***,21-07-15,Off girl front perform others first.
success,470,(623)429-2587x1***,21-07-15,Break finish those.
failed,473,395-798-3888x83***,21-07-15,No expert role.
failed,478,001-950-064-5102x***,21-07-15,Foreign though record successful whose.
success,479,001-110-260-8855x4***,21-07-15,Fight class director.
success,482,481.897.3189x96***,21-07-15,Case write total pattern.
success,484,+1-940-722-5540x6***,21-07-15,They off because.
failed,485,300-776-2***,21-07-15,It later live down listen billion catch draw.
success,486,(758)397-4***,21-07-15,Relationship first sit television between difficult hold.
failed,488,489-274-2150x***,21-07-15,Serious second likely feel change.
success,490,(064)798-8814x27***,21-07-15,Hot a film exactly kitchen.
success,492,+1-323-345-6418x***,21-07-15,Choose apply statement even price green commercial.
failed,493,(541)669-5366x5***,21-07-15,Republican very manage various no cost.
failed,494,+1-843-815-5030x35***,21-07-15,City player early audience and protect.
failed,495,+1-371-646-1647x61***,21-07-15,Fill late drop growth next.
success,496,(688)716-6***,21-07-15,Father section bank live take.
success,497,731-232-0***,21-07-15,Response certain director help option fast Mr.
failed,498,898.778.7251x5***,21-07-15,Why however you.
success,504,(241)101-6721x***,21-07-15,Board first these thousand half husband rich.
failed,507,245-159-3***,21-07-15,Particular past nearly music all.
failed,509,473.090.7***,21-07-15,Source coach audience pass.
failed,512,+1-616-449-9365x***,21-07-15,Positive heart third realize nation.
success,518,1735921***,21-07-15,High tough at coach however natural.
success,522,(313)157-0***,21-07-15,Front positive trial real.
success,523,001-554-800-0821x***,21-07-15,Smile require business both.
failed,525,(805)656-2***,21-07-15,Five simple third address Congress exactly.
success,526,400.488.6***,21-07-15,Bed enjoy involve wear trade now in include.
success,528,+1-136-949-6***,21-07-15,Likely current kind laugh realize able.
success,529,0147162***,21-07-15,Identify build health case sing push cultural.
success,530,029.089.1898x***,21-07-15,Environmental reach building poor.
failed,536,(258)583-6***,21-07-15,Your bank get focus.
success,537,2228174***,21-07-15,Former history show mission skin.
failed,538,411-037-8***,21-07-15,Result attorney thus president act community Mr year.
failed,540,888.024.6488x***,21-07-15,Technology late financial down.
success,543,462-650-5***,21-07-15,Discuss fear old nation think institution pick partner.
success,545,(137)187-0886x76***,21-07-15,Morning day put deep lose go book past.
failed,547,641-604-1115x***,21-07-15,Theory difficult eat record age specific.
failed,548,+1-161-812-3***,21-07-15,Language final reason assume hundred our.
success,549,639.157.1022x8***,21-07-15,There rise allow cost generation.
failed,554,660.872.7***,21-07-15,Cold value nice dark message civil.
success,555,+1-041-084-7013x***,21-07-15,Through policy company wrong bit even first physical.
failed,558,642-618-6***,21-07-15,Democratic memory power drive interview director decision.
failed,559,1740791***,21-07-15,Sit station visit sing visit table color.
failed,562,+1-398-365-5***,21-07-15,Test drop yet might.
failed,563,001-016-077-5554x6***,21-07-15,Little a table since.
failed,565,916.145.1***,21-07-15,Wind change condition eat stop.
failed,566,503.914.0902x11***,21-07-15,Degree true hand husband author you office.
success,571,944-850-5068x***,21-07-15,Stock tree building others.
success,573,238-489-1218x77***,21-07-15,Pretty guess politics forward morning bad whom.
success,574,0781471***,21-07-15,East worry true work.
success,575,100-491-1***,21-07-15,They require animal finally share cell free open.
success,577,+1-830-610-4594x***,21-07-15,Money drop exist then attention painting guess.
success,579,510-584-0485x99***,21-07-15,She wait case hair far specific recently.
success,581,5712653***,21-07-15,World thus film tax choice know push daughter.
success,583,(542)984-3898x17***,21-07-15,Budget evidence store already company environment.
failed,584,2644432***,21-07-15,Commercial thing rule treat return set energy.
success,586,515.552.2132x9***,21-07-15,Where from lawyer.
success,588,+1-429-783-3424x73***,21-07-15,Than end challenge save agree understand.
failed,589,754.664.1***,21-07-15,Again occur serious clear.
failed,590,+1-051-413-2222x***,21-07-15,Role very young itself program outside factor inside.
failed,592,028-886-0***,21-07-15,Time born factor gun end.
success,595,280-736-4***,21-07-15,Six everyone too home suddenly feeling meet.
success,596,453-366-8160x***,21-07-15,Record better their truth back well.
success,597,706.706.5***,21-07-15,Church something believe worry will coach chance.
failed,599,084.095.5680x44***,21-07-15,Spring pass my ahead whom require.
failed,600,+1-850-836-2***,21-07-15,Treatment herself different tax.
success,604,001-170-837-4***,21-07-15,Positive production side.
failed,605,608-521-8403x55***,21-07-15,Young rich everything music they theory leader.
success,606,(624)366-5633x03***,21-07-15,Glass paper bill role tell right name stuff.
failed,608,+1-190-918-5403x7***,21-07-15,Father thought line decision answer magazine.
success,609,144-936-0***,21-07-15,Agency which say kitchen.
failed,611,+1-850-455-2***,21-07-15,Firm agreement sea television decade rule.
failed,614,+1-803-095-0491x***,21-07-15,Low maybe seat establish yes police hit.
success,616,663-833-0652x***,21-07-15,Worry federal similar goal rather off.
failed,618,(906)575-6***,21-07-15,Recent action yes executive.
success,619,(404)031-1670x8***,21-07-15,Him student else especially report catch I.
failed,620,+1-502-340-9354x8***,21-07-15,Thousand why budget hand beyond.
success,622,102-533-6042x46***,21-07-15,Which together short detail pass people raise.
success,623,+1-919-482-0291x2***,21-07-15,Eye memory where yes.
failed,624,926.609.7529x***,21-07-15,Conference lead until north theory challenge help personal.
success,631,729.519.4111x82***,21-07-15,Successful reach enough open.
failed,632,001-249-458-9678x44***,21-07-15,Line answer peace growth herself entire.
success,637,908.734.9393x***,21-07-15,Live approach account situation board could.
failed,639,106-887-2610x***,21-07-15,Ask message up through particularly group Mr.
success,642,835-642-2***,21-07-15,Enter tend situation design indeed still win campaign.
success,645,992.292.1***,21-07-15,West in general fund.
success,646,+1-695-725-9***,21-07-15,Adult head each travel security until concern.
success,647,005-857-9***,21-07-15,Trade result guy usually.
failed,648,297-410-9868x59***,21-07-15,When with blue health third probably bring near.
failed,650,001-828-640-4***,21-07-15,Better free student.
success,651,512.704.4***,21-07-15,Reason church wife trip.
success,652,849-693-4662x63***,21-07-15,Environment among property western southern treatment.
success,653,001-683-622-8472x***,21-07-15,Feeling per gun language.
success,654,001-717-723-8916x19***,21-07-15,Political than dog sport popular.
failed,658,544-409-7587x84***,21-07-15,East difference world.
failed,666,893.494.5***,21-07-15,Fight guess since provide.
failed,668,+1-887-758-8791x1***,21-07-15,History then quite attention.
failed,672,+1-723-102-9***,21-07-15,Notice should condition financial a science.
success,673,600.619.2878x89***,21-07-15,Charge maintain identify rule.
success,674,606.197.0***,21-07-15,Hold community speech term culture.
failed,675,8737681***,21-07-15,Continue history always name speak drug.
success,680,(494)389-5***,21-07-15,Alone minute turn job rule well dinner.
failed,681,(096)770-9***,21-07-15,Trip then top land.
failed,682,(972)677-6815x***,21-07-15,Voice door or hear plant.
failed,686,001-929-865-4820x***,21-07-15,Perhaps behind receive sport wall.
failed,687,(879)455-1596x***,21-07-15,Himself growth certainly wish.
success,688,812.274.9***,21-07-15,Most follow consumer everybody fall keep miss significant.
failed,690,813.391.8***,21-07-15,Space enter project continue despite.
failed,691,094-744-7***,21-07-15,Professor meet animal protect use simply reduce.
failed,692,001-390-835-8846x1***,21-07-15,Mention much father list example attorney ability.
success,693,437.936.4886x52***,21-07-15,Total thus challenge next think build.
success,697,992.980.0203x08***,21-07-15,Project evidence production.
success,699,837.707.4604x16***,21-07-15,Ready data name reflect challenge century leader.
success,701,324.926.6581x5***,21-07-15,Rather none participant single machine local mother.
failed,703,391-088-2***,21-07-15,Budget usually sport practice hand.
failed,710,901.036.2995x83***,21-07-15,Good represent study tough traditional deal never.
success,711,001-983-717-7401x8***,21-07-15,Impact possible adult budget city factor.
success,712,001-724-968-4***,21-07-15,Understand coach organization enter happy yet subject across.
failed,716,5617207***,21-07-15,Present toward onto defense grow cell some.
failed,718,309.122.7***,21-07-15,Central question word however.
failed,721,2581297***,21-07-15,Local that majority big.
success,723,001-341-037-3452x50***,21-07-15,Small such manage best let.
success,725,507-100-6***,21-07-15,Language others father free fire.
failed,726,716.258.6407x0***,21-07-15,Everyone participant capital option.
failed,727,429-978-6973x***,21-07-15,Rise find more total threat but.
failed,735,+1-427-968-5150x7***,21-07-15,Conference voice rise whom focus.
failed,737,128-340-6***,21-07-15,While few senior teacher really force open.
failed,738,001-839-082-9448x4***,21-07-15,Remember require early cold green degree his team.
failed,739,335.848.5739x***,21-07-15,Listen Congress because wife myself.
success,741,820-296-6***,21-07-15,Democratic couple suggest half teacher father.
failed,743,+1-152-952-3***,21-07-15,Road save we audience.
failed,744,271.754.3511x***,21-07-15,Officer continue maybe idea.
failed,747,804-486-5***,21-07-15,Heavy system open beyond.
success,748,575.682.0809x***,21-07-15,Current right important hit.
failed,750,001-597-034-2794x1***,21-07-15,Help table Mr our put still.
failed,754,001-728-218-9***,21-07-15,Media choose any wonder.
success,756,174-662-9***,21-07-15,Cost purpose fact his.
success,757,578-462-1292x78***,21-07-15,Know professor special year give.
success,758,(920)776-5504x***,21-07-15,Enough size certain glass six.
success,759,875-789-8350x87***,21-07-15,Education great picture significant garden money.
failed,761,753.135.1***,21-07-15,Picture turn citizen increase mind.
success,763,464.095.1348x8***,21-07-15,Pull treat behavior.
failed,765,001-604-333-8875x37***,21-07-15,Social summer example case term population hit positive.
success,766,(205)042-0***,21-07-15,Red wear ability create tree heavy.
failed,767,237-892-8006x***,21-07-15,Great you guess left Mr president.
failed,769,730-415-2999x9***,21-07-15,Front spring break major such shoulder.
success,770,811.339.8410x0***,21-07-15,Describe special Republican among either college what.
success,772,336.007.1975x3***,21-07-15,Age yes appear offer property send.
success,773,+1-596-572-4674x00***,21-07-15,Rise consumer alone billion where.
success,774,+1-311-766-7003x***,21-07-15,Show audience law soon.
success,780,+1-071-243-3***,21-07-15,Law protect cut way hundred.
failed,785,001-233-064-5***,21-07-15,Part beat buy unit military old budget study.
success,786,(222)834-9***,21-07-15,Approach bed page care discuss.
failed,787,2483199***,21-07-15,Act bag successful can paper.
failed,792,5067965***,21-07-15,Approach large nice always than executive outside.
failed,794,1766600***,21-07-15,Still site at fund development.
failed,795,702.506.0094x14***,21-07-15,Begin room room difficult after cup successful.
success,797,839.264.3779x79***,21-07-15,Option call physical goal.
success,798,001-074-962-5***,21-07-15,Issue evidence discuss.
success,800,728.518.1554x***,21-07-15,Work future media marriage and rate very.
failed,806,+1-154-453-5459x39***,21-07-15,Later down charge whether.
failed,807,(346)431-0***,21-07-15,Reality feeling watch stand owner short behind tell.
success,810,8634941***,21-07-15,In poor year however.
failed,818,(530)124-4***,21-07-15,Way region reduce mother reality.
failed,820,879.407.2198x***,21-07-15,Old economy security job theory.
success,822,(295)566-0063x95***,21-07-15,Team admit specific color cultural hear small.
failed,826,2934740***,21-07-15,Show mission lay fill career air.
failed,827,686.937.6118x65***,21-07-15,Catch son ready grow heavy.
success,828,001-834-550-2003x***,21-07-15,Then population toward shoulder left card establish.
success,833,001-157-664-1453x39***,21-07-15,Your life run.
failed,834,(536)647-8927x***,21-07-15,Staff energy day whatever much soon.
failed,835,(125)954-9***,21-07-15,Human food morning way certainly sell recognize.
failed,836,997.232.2761x***,21-07-15,Front table step.
success,837,(145)392-3***,21-07-15,Base bring sister indicate she pull dinner work.
success,841,(995)230-9275x31***,21-07-15,Want lose build Republican face effort beautiful.
success,843,(117)203-0***,21-07-15,Operation bank shake example couple trouble book.
success,844,093.353.7500x11***,21-07-15,Always away single husband.
success,846,(544)696-4347x0***,21-07-15,Where language group public painting vote though.
success,847,5834702***,21-07-15,Million born everybody according specific.
failed,848,+1-859-563-1793x***,21-07-15,Rich bill strong probably.
failed,850,364.684.3***,21-07-15,Indeed author security.
failed,851,510-471-6***,21-07-15,Policy hair one else indicate affect.
success,853,(394)701-3***,21-07-15,Which hard gun should others manager.
failed,854,6952471***,21-07-15,Friend focus them activity happen.
failed,856,001-852-351-6107x4***,21-07-15,Spend war whose opportunity week.
success,858,900-695-1209x***,21-07-15,Agent training agent boy hair.
failed,862,4404458***,21-07-15,Ahead move example such.
failed,863,752.336.1297x3***,21-07-15,Marriage foreign after ok summer sell by.
failed,865,(434)093-9***,21-07-15,Body lay star act most animal.
failed,868,9213802***,21-07-15,Child brother sister top short politics even.
failed,869,001-527-937-0731x***,21-07-15,My picture no meeting sense stay.
failed,870,389.089.5***,21-07-15,Deep meet evidence part case success.
failed,876,+1-255-316-2131x90***,21-07-15,Style writer from wide care benefit charge kid.
failed,878,410-844-0***,21-07-15,Significant affect than need collection sing.
failed,880,+1-995-565-7***,21-07-15,Include news nature offer.
failed,881,444.327.1***,21-07-15,Seat TV parent.
failed,887,231.086.6***,21-07-15,Health century leg range interest affect.
success,888,001-271-924-6832x4***,21-07-15,Thank air peace collection.
failed,890,349-008-9***,21-07-15,She product figure today kind.
failed,893,132.203.9509x96***,21-07-15,Under age between personal themselves bed add.
failed,894,127.063.0778x***,21-07-15,Certainly respond executive scene.
failed,896,5410763***,21-07-15,Financial number course future decade edge finally.
success,897,+1-470-271-1232x55***,21-07-15,Generation my order along line.
failed,898,+1-273-553-4***,21-07-15,Onto great most second require before audience once.
success,900,715.664.5447x4***,21-07-15,Condition set happy value at reduce method international.
failed,908,001-381-553-6386x01***,21-07-15,Order want could close.
success,909,352-132-8***,21-07-15,Everyone four everyone from.
success,910,209.636.0***,21-07-15,Their sport fish anything glass debate.
success,912,031.619.6454x5***,21-07-15,Face suffer home direction nice.
failed,913,+1-620-626-5212x7***,21-07-15,These good size expect reality.
failed,914,409-435-8429x4***,21-07-15,Piece approach recent court soon hair simple.
success,915,+1-318-619-6230x***,21-07-15,Up yet down turn range.
failed,921,0477819***,21-07-15,Box various charge war shoulder it.
failed,922,0701831***,21-07-15,Yourself unit home loss national each skin generation.
success,923,241.373.1634x9***,21-07-15,Theory area eat whose minute until red.
success,926,+1-006-737-5877x70***,21-07-15,Store away firm question simple once high.
failed,927,061.447.1694x***,21-07-15,Everybody action current past full pay movie four.
failed,928,001-588-974-6463x74***,21-07-15,Party between control include.
success,930,001-640-337-0320x***,21-07-15,Before draw life Mr language instead.
success,932,308-060-1172x***,21-07-15,Often per treat situation piece nature.
failed,934,(982)993-9***,21-07-15,Because wrong five certain.
failed,936,123.727.0435x7***,21-07-15,Week game company case.
success,938,376-938-4600x***,21-07-15,Occur around firm laugh.
success,939,997-629-8099x18***,21-07-15,Half sometimes news many data who west executive.
failed,940,001-799-234-0***,21-07-15,Walk art miss everything speech response.
success,941,(458)964-9141x83***,21-07-15,Lot public quality from.
failed,942,8756214***,21-07-15,Official nothing focus expect past indicate.
success,943,+1-272-249-1489x7***,21-07-15,Bank lawyer just number.
failed,945,293-151-6062x2***,21-07-15,Begin land professor.
success,946,793-727-2***,21-07-15,Able smile manage.
failed,949,917-820-0965x4***,21-07-15,Course list statement suggest.
failed,951,+1-561-655-6406x***,21-07-15,Other history scientist art investment through send.
failed,953,+1-983-012-9627x***,21-07-15,Whatever teach hotel food social.
success,956,819.864.9847x6***,21-07-15,Change image social south resource beautiful.
failed,957,217.939.0***,21-07-15,Glass feel common every administration.
failed,960,399-491-5291x85***,21-07-15,Bed skin change finally middle entire well.
failed,961,+1-651-036-6930x***,21-07-15,Record different someone within program know.
success,962,(203)037-3***,21-07-15,Toward various job method field the organization.
success,963,+1-325-490-9***,21-07-15,But director community maybe tree right way.
success,966,001-163-934-6739x***,21-07-15,Often ago week author could.
failed,967,103-752-7531x***,21-07-15,Current resource push military consider force role road.
success,970,601-127-4***,21-07-15,Similar style paper check center feel.
failed,972,001-512-615-6730x2***,21-07-15,On upon treat.
failed,973,001-670-775-0435x59***,21-07-15,Cell actually case blood new religious various.
success,974,+1-056-720-2961x8***,21-07-15,Perhaps him woman hundred particularly ball.
success,976,2006785***,21-07-15,Subject walk discussion whether improve game international.
success,978,298-726-8***,21-07-15,Fund suggest better nothing financial account us.
success,979,917.586.3***,21-07-15,Impact beat exactly experience.
failed,981,327.527.6452x2***,21-07-15,Cell every indeed glass to respond.
success,984,(251)865-6179x***,21-07-15,Minute yeah family year rate government increase include.
success,986,(082)579-0***,21-07-15,Behavior nothing apply Republican these wear.
success,991,518.174.4409x4***,21-07-15,Less hour check north first since.
failed,992,7347205***,21-07-15,Site start at language hit.
success,995,888.958.5***,21-07-15,Moment responsibility stay opportunity protect beat.
success,998,727.081.6***,21-07-15,Early behavior under country blood.
failed,999,001-707-195-9257x0***,21-07-15,Discover set modern him.
failed,1000,+1-299-203-0181x9***,21-07-15,Notice eye down friend room.
failed,1007,383-864-6***,21-07-15,Throughout property threat whole TV choice.
failed,1015,480.303.4299x9***,21-07-15,Continue a agree pull.
success,1016,(661)064-7934x55***,21-07-15,Purpose among recognize low.
failed,1017,001-317-530-4930x***,21-07-15,Cause character surface culture safe.
failed,1020,(863)193-8***,21-07-15,Again plant little several.
success,1022,001-893-985-8253x5***,21-07-15,Fast heavy study pressure put call.
success,1023,(865)125-4***,21-07-15,Several west somebody here life sure film.
success,1024,001-799-300-8065x49***,21-07-15,Toward mouth pass special discuss big.
failed,1029,+1-602-424-4449x91***,21-07-15,Space skill significant nature paper their air.
success,1030,(183)952-4***,21-07-15,Poor rest top describe Democrat.
success,1032,288.399.5***,21-07-15,Word movement during other time require.
failed,1033,922.025.8222x***,21-07-15,Matter authority go.
success,1036,670.093.5***,21-07-15,Pretty voice ahead manage conference.
success,1038,082.631.0266x2***,21-07-15,Account treat article character write.
success,1045,(114)131-1952x34***,21-07-15,According employee various control hotel citizen.
success,1047,7257809***,21-07-15,Mrs history executive truth.
failed,1052,112-850-4***,21-07-15,Two against environment investment current into yeah process.
failed,1054,+1-397-057-6***,21-07-15,Skin quickly action table view report.
success,1056,(450)463-1***,21-07-15,Company interest federal section pattern.
failed,1057,940-051-1***,21-07-15,That goal somebody purpose structure keep American.
success,1058,132-565-9995x7***,21-07-15,Pressure stock student need home summer hand special.
success,1060,001-223-962-4079x02***,21-07-15,Other leg dog idea.
success,1063,(635)328-2***,21-07-15,Mean country attorney window term.
success,1064,861.835.6936x5***,21-07-15,Guess major question relate even small.
success,1066,+1-459-814-9916x4***,21-07-15,Need writer clearly sister head.
failed,1071,(106)551-6***,21-07-15,Receive key work represent official.
failed,1072,001-887-966-8258x***,21-07-15,Kitchen style produce she race rule.
failed,1075,+1-407-911-0***,21-07-15,Yes green outside agreement.
failed,1076,001-110-143-1119x***,21-07-15,Remain include begin wrong low street send finish.
success,1077,(814)707-0117x9***,21-07-15,Quality drive discussion TV somebody.
failed,1080,318-235-1***,21-07-15,Act parent several church step strong strategy show.
success,1082,001-757-131-3923x9***,21-07-15,Conference what professional yard.
failed,1084,+1-244-045-2334x***,21-07-15,How how how one.
success,1085,(780)075-4***,21-07-15,Visit always whatever question agency.
failed,1086,001-187-128-5404x82***,21-07-15,Message including more admit.
success,1090,768-091-6201x1***,21-07-15,Rich yourself month end sing.
success,1093,971.742.3024x3***,21-07-15,Bill rate religious forward perform military attack.
failed,1098,(127)171-0***,21-07-15,Know yard difficult attack.
failed,1099,092-521-9***,21-07-15,Bag animal finally move sense vote.
failed,1102,439-582-9699x6***,21-07-15,Attorney election everyone different his write.
failed,1104,+1-456-613-7742x89***,21-07-15,Nice probably out enough audience bit idea.
success,1105,+1-051-693-5688x25***,21-07-15,Local sign fire picture popular help practice.
success,1108,001-098-957-1964x***,21-07-15,Company stuff material able window.
success,1109,8006816***,21-07-15,Left so debate everybody whose.
failed,1111,(888)252-2090x1***,21-07-15,Treat who that choice.
success,1114,070-618-5905x7***,21-07-15,Wide dream create region although wind break.
failed,1117,159.395.0072x74***,21-07-15,Its and bar foot college need eat.
success,1124,984.818.1***,21-07-15,Sport author maybe policy color finally tell.
failed,1125,(370)688-0753x***,21-07-15,Boy adult visit week.
success,1127,(746)092-8009x***,21-07-15,Reduce attorney design fire.
success,1128,123-590-2054x***,21-07-15,Strategy red pull dog push bad trouble.
success,1129,723-901-2482x28***,21-07-15,Health help as any be anything building.
success,1132,+1-421-156-0***,21-07-15,Interview order fly six benefit officer.
success,1133,001-871-204-3964x4***,21-07-15,Make space energy base exactly television fine computer.
failed,1136,+1-937-279-3***,21-07-15,Their bad record organization perform.
failed,1137,478.816.1203x***,21-07-15,Itself certainly also standard once financial window make.
success,1139,(865)153-1285x***,21-07-15,Produce project out only bring city.
failed,1141,055-604-2***,21-07-15,Bar maybe treatment guess.
success,1143,830-854-4454x6***,21-07-15,Factor movie maybe help different hair attorney.
success,1144,(543)112-5***,21-07-15,With anything tough.
failed,1145,001-614-289-1485x29***,21-07-15,Pull amount piece quality similar.
success,1146,001-116-649-7***,21-07-15,Near fire either ask save before.
success,1148,(664)660-9072x4***,21-07-15,Tv Democrat surface Mr.
success,1149,001-455-577-9575x10***,21-07-15,Allow son stop leg after office.
success,1150,270.526.4***,21-07-15,School wide history radio front.
success,1151,(095)104-0987x4***,21-07-15,Stay hot everybody.
success,1152,(374)522-6179x***,21-07-15,Material trip test face late training.
success,1153,692.459.8652x6***,21-07-15,Maintain range allow black.
success,1155,429.372.1807x16***,21-07-15,Quite central window yourself least time.
success,1156,486.927.6807x9***,21-07-15,Only near long eight feeling others this.
success,1158,279-363-5210x99***,21-07-15,Of somebody property different production remember explain.
success,1159,001-985-566-7649x70***,21-07-15,News tend result control race husband.
success,1160,364-552-1620x***,21-07-15,Life especially machine available.
failed,1162,762-707-3***,21-07-15,Artist throw lawyer high recently save what.
success,1163,509.666.2***,21-07-15,Sing win live bed force establish PM central.
success,1164,001-690-482-4812x***,21-07-15,Out draw thought friend expect.
success,1165,574-717-2792x0***,21-07-15,Experience stock minute half very her evening.
success,1169,410.021.9***,21-07-15,Agent improve writer any market trouble.
failed,1170,+1-610-325-0957x47***,21-07-15,Consider tonight among need item particularly tonight.
success,1172,+1-331-391-6011x***,21-07-15,Democratic particular agreement hour choose may type side.
failed,1173,286.464.1088x***,21-07-15,Per simple film dinner care.
success,1174,161-704-2345x8***,21-07-15,Popular hot firm.
success,1175,166.571.7***,21-07-15,Own heart clearly deal way floor where.
failed,1177,786.292.9975x51***,21-07-15,Nothing lot share world possible perhaps.
failed,1178,817-849-2317x***,21-07-15,Outside town investment agent how put reflect.
failed,1179,001-107-784-9706x44***,21-07-15,Act whatever both generation.
success,1180,+1-017-330-5120x***,21-07-15,Walk maybe change build too store.
success,1185,934-815-2832x***,21-07-15,They child establish social hair tend.
failed,1187,260-415-8731x***,21-07-15,Take those staff agency improve.
failed,1190,(499)471-9***,21-07-15,Data create range.
success,1192,001-484-313-3440x90***,21-07-15,Job recognize goal mean expect.
failed,1193,558-485-6685x***,21-07-15,Practice leg eye article first quickly.
failed,1195,(575)996-4353x3***,21-07-15,Oil town structure environmental share wide husband question.
failed,1199,3963907***,21-07-15,Should country agree hard visit with television.
failed,1202,0326633***,21-07-15,Nor public matter ago modern north.
failed,1206,001-704-564-5***,21-07-15,Including prevent his fight.
failed,1207,+1-952-929-2405x3***,21-07-15,Carry bill that continue population require.
success,1212,902-957-1***,21-07-15,North drive recent woman conference natural that.
failed,1213,(015)663-8***,21-07-15,History former him feeling clear.
success,1214,027.129.7584x2***,21-07-15,Hospital include join.
failed,1218,061-199-6***,21-07-15,Think dinner old environment never form.
failed,1219,001-884-188-1839x1***,21-07-15,Garden responsibility water wide.
failed,1220,511.167.0***,21-07-15,Responsibility hope difficult view once ready.
success,1228,932-072-6788x9***,21-07-15,Arrive according national side.
success,1229,312.207.8362x70***,21-07-15,Use right artist sit card.
failed,1230,+1-467-393-1573x***,21-07-15,Early describe seek can.
success,1233,(443)883-2***,21-07-15,Share wait west work dream education chair.
success,1236,2265672***,21-07-15,Though recently health interesting a.
failed,1237,297.168.1162x***,21-07-15,Challenge item shake at minute every.
success,1240,+1-548-067-2686x***,21-07-15,Probably vote camera lay indeed become.
success,1241,(335)638-6***,21-07-15,Measure experience peace door.
failed,1242,+1-122-882-9275x***,21-07-15,Word reveal deep.
failed,1243,+1-514-847-4997x4***,21-07-15,Everybody case national rich possible treat something.
success,1245,+1-670-680-6305x***,21-07-15,Mission question according writer onto system itself right.
success,1247,535.320.6988x***,21-07-15,International gas change he shoulder dinner past.
failed,1249,371.766.2***,21-07-15,Arm than future building.
success,1252,001-545-262-7431x18***,21-07-15,Box owner concern fly.
failed,1253,(302)099-1458x54***,21-07-15,Move such down next voice.
success,1255,001-590-536-6439x***,21-07-15,What move production discussion.
failed,1257,940.851.9***,21-07-15,Let politics high whose kind help alone blood.
success,1258,001-398-321-1***,21-07-15,Democratic go role like measure approach card.
success,1260,+1-858-565-3730x***,21-07-15,Fall American material over policy.
failed,1261,529.326.7145x4***,21-07-15,Personal nor stage before audience call rest.
success,1263,001-590-693-1***,21-07-15,Price region page.
success,1264,076.484.9492x***,21-07-15,Seven positive again own such account.
failed,1266,+1-384-434-3588x37***,21-07-15,Because station send.
success,1269,001-008-668-6***,21-07-15,Beat establish since father certain.
failed,1270,308.819.2525x***,21-07-15,Treat discussion when arm keep population high.
success,1271,001-435-585-0087x9***,21-07-15,Allow place short try.
success,1273,961-748-8719x***,21-07-15,Else fight interesting room.
success,1274,890-673-3729x39***,21-07-15,Charge from respond each simply.
success,1277,123.261.9***,21-07-15,Million claim forget former.
failed,1279,+1-025-364-7426x***,21-07-15,Town offer fill give agree now.
success,1281,987-653-2571x***,21-07-15,Standard water college parent past minute really.
success,1282,764.453.1144x***,21-07-15,Feel foot reflect.
success,1284,5147737***,21-07-15,Democrat page respond impact down to attack.
failed,1285,+1-102-305-0682x56***,21-07-15,Movement heavy effect worker close travel case.
success,1286,(513)857-8***,21-07-15,Resource test television consumer it design seek.
success,1287,258-309-9725x4***,21-07-15,Pass choice international customer.
success,1289,+1-161-297-1427x97***,21-07-15,Already think artist election move.
success,1292,(223)401-7020x3***,21-07-15,Win you serve bar effort.
success,1293,0519878***,21-07-15,American amount condition evening tonight.
success,1294,901.606.5002x***,21-07-15,Drive act under area Mr lose toward.
success,1296,+1-530-582-6697x9***,21-07-15,Either talk doctor house leg sometimes against.
success,1297,(650)407-3***,21-07-15,Serious increase service road enter news.
success,1299,325-261-5425x40***,21-07-15,Condition energy easy behavior light special lot.
failed,1300,727.394.4***,21-07-15,Popular under draw next first Mrs.
failed,1303,001-582-086-7***,21-07-15,Should half soon discussion early husband.
failed,1305,443-439-4299x***,21-07-15,Teacher likely identify view what.
failed,1306,265-746-0654x***,21-07-15,Nature carry outside.
success,1308,811.487.9***,21-07-15,These last part key through course write.
failed,1310,407.984.8304x***,21-07-15,This military available positive.
success,1312,(728)676-1619x***,21-07-15,Including that guy popular.
failed,1316,(182)312-0816x***,21-07-15,Tv find nature mention by sense today.
failed,1318,001-597-175-0***,21-07-15,Total week early cold full.
success,1320,023-506-3842x***,21-07-15,When position interesting such.
failed,1327,022-297-1795x***,21-07-15,Couple baby religious fall.
success,1328,001-849-844-1224x8***,21-07-15,Doctor discuss back table expect sell when.
success,1329,9975809***,21-07-15,Ever send name alone.
success,1330,+1-717-460-6687x82***,21-07-15,Miss civil onto along culture order.
failed,1331,+1-087-909-5718x***,21-07-15,Thing then individual early how than nothing.
failed,1332,001-396-706-8231x***,21-07-15,Single conference relate indicate live argue.
success,1333,001-265-452-9705x2***,21-07-15,Happy expect truth who determine.
failed,1338,166-197-3055x78***,21-07-15,Performance account where let office second.
failed,1339,1968102***,21-07-15,Civil positive benefit significant.
failed,1340,001-039-813-9814x04***,21-07-15,These drive real student sit anything war.
failed,1343,3572697***,21-07-15,Part population sing job major.
failed,1347,001-362-570-8***,21-07-15,Put suffer far.
success,1348,001-840-826-8117x58***,21-07-15,Fine arrive partner simple.
success,1349,(171)991-8088x12***,21-07-15,Admit your shoulder rest effect.
failed,1355,520.927.2***,21-07-15,Person strong hundred already threat party ahead edge.
success,1357,1551985***,21-07-15,National chair test certain step head.
failed,1358,+1-103-013-8296x7***,21-07-15,Way never body lose early.
success,1361,001-070-346-1637x***,21-07-15,Finally work information about.
success,1363,623.417.9***,21-07-15,Firm condition government anyone anyone range whose how.
success,1364,001-544-059-7868x89***,21-07-15,Far dog with amount.
success,1365,397-936-5***,21-07-15,Study perform time standard.
success,1366,593-354-0805x4***,21-07-15,Choose especially build here school western consider.
success,1367,835.561.8813x63***,21-07-15,Last factor parent population order marriage room.
failed,1371,023-642-8691x***,21-07-15,Today well small organization green major.
success,1372,+1-151-543-8***,21-07-15,Tell plant recent believe executive sure trouble.
success,1373,(545)206-4***,21-07-15,National or charge cause teacher white.
failed,1374,(462)953-1***,21-07-15,Chair garden they water.
failed,1376,+1-193-116-1179x1***,21-07-15,Ground economy rise surface improve.
failed,1379,001-387-591-3342x***,21-07-15,Plant finally question teacher certainly.
failed,1383,(092)442-2***,21-07-15,Wonder answer different often own avoid parent.
failed,1384,115-065-9843x1***,21-07-15,Treat find picture certainly.
failed,1386,001-860-600-6679x***,21-07-15,According standard draw likely fish offer.
success,1387,752.382.5***,21-07-15,Speak term why at pull find little.
failed,1388,850-175-8***,21-07-15,Use become upon help chance people.
failed,1389,023-678-4***,21-07-15,Message movement Mr out country.
success,1392,+1-227-342-9516x***,21-07-15,Carry sport community family money ago.
success,1393,4129010***,21-07-15,Happy draw four entire throughout.
success,1399,799-219-5***,21-07-15,As relate nor also before.
failed,1400,001-449-827-7***,21-07-15,Whom kid reason.
success,1401,718.771.1***,21-07-15,Region right stand theory.
failed,1402,951-794-4421x7***,21-07-15,Expert page begin prevent national.
success,1403,194-712-6982x***,21-07-15,Art floor become six blood west.
failed,1406,121.835.9***,21-07-15,History exist gun onto.
success,1407,(404)466-7270x6***,21-07-15,Mrs memory just.
success,1415,749-165-8159x79***,21-07-15,Reflect rock wonder ball nor southern wall.
success,1417,(384)363-4805x***,21-07-15,Capital difficult education lay speak college hear night.
success,1419,001-981-235-2175x90***,21-07-15,Leave responsibility because month exactly store tell.
failed,1420,605-790-8688x***,21-07-15,Black job song bring before.
success,1425,674-742-8***,21-07-15,Window pull top maybe bar program low feel.
failed,1427,+1-017-066-2***,21-07-15,Responsibility worker administration energy summer close.
failed,1429,379-463-4460x***,21-07-15,Bar reach local can both someone clearly.
success,1431,+1-830-443-1602x25***,21-07-15,Focus subject raise her cost born.
success,1432,001-751-701-2273x11***,21-07-15,Democrat true find break determine environmental out.
failed,1433,001-684-609-7***,21-07-15,Onto movie list gas stage eye ok.
success,1434,5609734***,21-07-15,More knowledge thank Congress.
failed,1435,001-291-304-8864x12***,21-07-15,Scientist international accept off move.
failed,1436,112.062.8994x8***,21-07-15,Season agent TV rule product employee.
success,1439,+1-758-236-2838x13***,21-07-15,College around clear approach week.
failed,1441,+1-056-495-8764x2***,21-07-15,Improve become example executive size.
failed,1444,+1-543-777-3***,21-07-15,Decade especially arm short stuff large.
failed,1445,5432687***,21-07-15,Country necessary painting nearly truth key.
success,1446,(925)281-2274x5***,21-07-15,Simple main computer position day.
failed,1451,429-040-5***,21-07-15,Seem whom source democratic probably wear.
failed,1453,058.949.7351x3***,21-07-15,Create officer song computer.
failed,1456,001-367-909-8942x***,21-07-15,Bill us hair rule.
failed,1458,8418876***,21-07-15,Of your smile item.
failed,1460,001-503-133-0***,21-07-15,However catch individual ask dark mouth issue.
failed,1461,+1-802-648-9242x20***,21-07-15,Goal show maintain movie art.
success,1462,167-582-8040x***,21-07-15,Compare expect difficult party enjoy.
success,1463,1815925***,21-07-15,Interview assume family rest.
success,1466,929-041-5019x4***,21-07-15,During miss such check generation age significant reason.
success,1467,1019783***,21-07-15,Sound dinner push couple meeting build.
success,1469,(210)392-3***,21-07-15,Off girl front perform others first.
success,1470,(623)429-2587x1***,21-07-15,Break finish those.
failed,1473,395-798-3888x83***,21-07-15,No expert role.
failed,1478,001-950-064-5102x***,21-07-15,Foreign though record successful whose.
success,1479,001-110-260-8855x4***,21-07-15,Fight class director.
success,1482,481.897.3189x96***,21-07-15,Case write total pattern.
success,1484,+1-940-722-5540x6***,21-07-15,They off because.
failed,1485,300-776-2***,21-07-15,It later live down listen billion catch draw.
success,1486,(758)397-4***,21-07-15,Relationship first sit television between difficult hold.
failed,1488,489-274-2150x***,21-07-15,Serious second likely feel change.
success,1490,(064)798-8814x27***,21-07-15,Hot a film exactly kitchen.
success,1492,+1-323-345-6418x***,21-07-15,Choose apply statement even price green commercial.
failed,1493,(541)669-5366x5***,21-07-15,Republican very manage various no cost.
failed,1494,+1-843-815-5030x35***,21-07-15,City player early audience and protect.
failed,1495,+1-371-646-1647x61***,21-07-15,Fill late drop growth next.
success,1496,(688)716-6***,21-07-15,Father section bank live take.
success,1497,731-232-0***,21-07-15,Response certain director help option fast Mr.
failed,1498,898.778.7251x5***,21-07-15,Why however you.
success,1504,(241)101-6721x***,21-07-15,Board first these thousand half husband rich.
failed,1507,245-159-3***,21-07-15,Particular past nearly music all.
failed,1509,473.090.7***,21-07-15,Source coach audience pass.
failed,1512,+1-616-449-9365x***,21-07-15,Positive heart third realize nation.
success,1518,1735921***,21-07-15,High tough at coach however natural.
success,1522,(313)157-0***,21-07-15,Front positive trial real.
success,1523,001-554-800-0821x***,21-07-15,Smile require business both.
failed,1525,(805)656-2***,21-07-15,Five simple third address Congress exactly.
success,1526,400.488.6***,21-07-15,Bed enjoy involve wear trade now in include.
success,1528,+1-136-949-6***,21-07-15,Likely current kind laugh realize able.
success,1529,0147162***,21-07-15,Identify build health case sing push cultural.
success,1530,029.089.1898x***,21-07-15,Environmental reach building poor.
failed,1536,(258)583-6***,21-07-15,Your bank get focus.
success,1537,2228174***,21-07-15,Former history show mission skin.
failed,1538,411-037-8***,21-07-15,Result attorney thus president act community Mr year.
failed,1540,888.024.6488x***,21-07-15,Technology late financial down.
success,1543,462-650-5***,21-07-15,Discuss fear old nation think institution pick partner.
success,1545,(137)187-0886x76***,21-07-15,Morning day put deep lose go book past.
failed,1547,641-604-1115x***,21-07-15,Theory difficult eat record age specific.
failed,1548,+1-161-812-3***,21-07-15,Language final reason assume hundred our.
success,1549,639.157.1022x8***,21-07-15,There rise allow cost generation.
failed,1554,660.872.7***,21-07-15,Cold value nice dark message civil.
success,1555,+1-041-084-7013x***,21-07-15,Through policy company wrong bit even first physical.
failed,1558,642-618-6***,21-07-15,Democratic memory power drive interview director decision.
failed,1559,1740791***,21-07-15,Sit station visit sing visit table color.
failed,1562,+1-398-365-5***,21-07-15,Test drop yet might.
failed,1563,001-016-077-5554x6***,21-07-15,Little a table since.
failed,1565,916.145.1***,21-07-15,Wind change condition eat stop.
failed,1566,503.914.0902x11***,21-07-15,Degree true hand husband author you office.
success,1571,944-850-5068x***,21-07-15,Stock tree building others.
success,1573,238-489-1218x77***,21-07-15,Pretty guess politics forward morning bad whom.
success,1574,0781471***,21-07-15,East worry true work.
success,1575,100-491-1***,21-07-15,They require animal finally share cell free open.
success,1577,+1-830-610-4594x***,21-07-15,Money drop exist then attention painting guess.
success,1579,510-584-0485x99***,21-07-15,She wait case hair far specific recently.
success,1581,5712653***,21-07-15,World thus film tax choice know push daughter.
success,1583,(542)984-3898x17***,21-07-15,Budget evidence store already company environment.
failed,1584,2644432***,21-07-15,Commercial thing rule treat return set energy.
success,1586,515.552.2132x9***,21-07-15,Where from lawyer.
success,1588,+1-429-783-3424x73***,21-07-15,Than end challenge save agree understand.
failed,1589,754.664.1***,21-07-15,Again occur serious clear.
failed,1590,+1-051-413-2222x***,21-07-15,Role very young itself program outside factor inside.
failed,1592,028-886-0***,21-07-15,Time born factor gun end.
success,1595,280-736-4***,21-07-15,Six everyone too home suddenly feeling meet.
success,1596,453-366-8160x***,21-07-15,Record better their truth back well.
success,1597,706.706.5***,21-07-15,Church something believe worry will coach chance.
failed,1599,084.095.5680x44***,21-07-15,Spring pass my ahead whom require.
failed,1600,+1-850-836-2***,21-07-15,Treatment herself different tax.
success,1604,001-170-837-4***,21-07-15,Positive production side.
failed,1605,608-521-8403x55***,21-07-15,Young rich everything music they theory leader.
success,1606,(624)366-5633x03***,21-07-15,Glass paper bill role tell right name stuff.
failed,1608,+1-190-918-5403x7***,21-07-15,Father thought line decision answer magazine.
success,1609,144-936-0***,21-07-15,Agency which say kitchen.
failed,1611,+1-850-455-2***,21-07-15,Firm agreement sea television decade rule.
failed,1614,+1-803-095-0491x***,21-07-15,Low maybe seat establish yes police hit.
success,1616,663-833-0652x***,21-07-15,Worry federal similar goal rather off.
failed,1618,(906)575-6***,21-07-15,Recent action yes executive.
success,1619,(404)031-1670x8***,21-07-15,Him student else especially report catch I.
failed,1620,+1-502-340-9354x8***,21-07-15,Thousand why budget hand beyond.
success,1622,102-533-6042x46***,21-07-15,Which together short detail pass people raise.
success,1623,+1-919-482-0291x2***,21-07-15,Eye memory where yes.
failed,1624,926.609.7529x***,21-07-15,Conference lead until north theory challenge help personal.
success,1631,729.519.4111x82***,21-07-15,Successful reach enough open.
failed,1632,001-249-458-9678x44***,21-07-15,Line answer peace growth herself entire.
success,1637,908.734.9393x***,21-07-15,Live approach account situation board could.
failed,1639,106-887-2610x***,21-07-15,Ask message up through particularly group Mr.
success,1642,835-642-2***,21-07-15,Enter tend situation design indeed still win campaign.
success,1645,992.292.1***,21-07-15,West in general fund.
success,1646,+1-695-725-9***,21-07-15,Adult head each travel security until concern.
success,1647,005-857-9***,21-07-15,Trade result guy usually.
failed,1648,297-410-9868x59***,21-07-15,When with blue health third probably bring near.
failed,1650,001-828-640-4***,21-07-15,Better free student.
success,1651,512.704.4***,21-07-15,Reason church wife trip.
success,1652,849-693-4662x63***,21-07-15,Environment among property western southern treatment.
success,1653,001-683-622-8472x***,21-07-15,Feeling per gun language.
success,1654,001-717-723-8916x19***,21-07-15,Political than dog sport popular.
failed,1658,544-409-7587x84***,21-07-15,East difference world.
failed,1666,893.494.5***,21-07-15,Fight guess since provide.
failed,1668,+1-887-758-8791x1***,21-07-15,History then quite attention.
failed,1672,+1-723-102-9***,21-07-15,Notice should condition financial a science.
success,1673,600.619.2878x89***,21-07-15,Charge maintain identify rule.
success,1674,606.197.0***,21-07-15,Hold community speech term culture.
failed,1675,8737681***,21-07-15,Continue history always name speak drug.
success,1680,(494)389-5***,21-07-15,Alone minute turn job rule well dinner.
failed,1681,(096)770-9***,21-07-15,Trip then top land.
failed,1682,(972)677-6815x***,21-07-15,Voice door or hear plant.
failed,1686,001-929-865-4820x***,21-07-15,Perhaps behind receive sport wall.
failed,1687,(879)455-1596x***,21-07-15,Himself growth certainly wish.
success,1688,812.274.9***,21-07-15,Most follow consumer everybody fall keep miss significant.
failed,1690,813.391.8***,21-07-15,Space enter project continue despite.
failed,1691,094-744-7***,21-07-15,Professor meet animal protect use simply reduce.
failed,1692,001-390-835-8846x1***,21-07-15,Mention much father list example attorney ability.
success,1693,437.936.4886x52***,21-07-15,Total thus challenge next think build.
success,1697,992.980.0203x08***,21-07-15,Project evidence production.
success,1699,837.707.4604x16***,21-07-15,Ready data name reflect challenge century leader.
success,1701,324.926.6581x5***,21-07-15,Rather none participant single machine local mother.
failed,1703,391-088-2***,21-07-15,Budget usually sport practice hand.
failed,1710,901.036.2995x83***,21-07-15,Good represent study tough traditional deal never.
success,1711,001-983-717-7401x8***,21-07-15,Impact possible adult budget city factor.
success,1712,001-724-968-4***,21-07-15,Understand coach organization enter happy yet subject across.
failed,1716,5617207***,21-07-15,Present toward onto defense grow cell some.
failed,1718,309.122.7***,21-07-15,Central question word however.
failed,1721,2581297***,21-07-15,Local that majority big.
success,1723,001-341-037-3452x50***,21-07-15,Small such manage best let.
success,1725,507-100-6***,21-07-15,Language others father free fire.
failed,1726,716.258.6407x0***,21-07-15,Everyone participant capital option.
failed,1727,429-978-6973x***,21-07-15,Rise find more total threat but.
failed,1735,+1-427-968-5150x7***,21-07-15,Conference voice rise whom focus.
failed,1737,128-340-6***,21-07-15,While few senior teacher really force open.
failed,1738,001-839-082-9448x4***,21-07-15,Remember require early cold green degree his team.
failed,1739,335.848.5739x***,21-07-15,Listen Congress because wife myself.
success,1741,820-296-6***,21-07-15,Democratic couple suggest half teacher father.
failed,1743,+1-152-952-3***,21-07-15,Road save we audience.
failed,1744,271.754.3511x***,21-07-15,Officer continue maybe idea.
failed,1747,804-486-5***,21-07-15,Heavy system open beyond.
success,1748,575.682.0809x***,21-07-15,Current right important hit.
failed,1750,001-597-034-2794x1***,21-07-15,Help table Mr our put still.
failed,1754,001-728-218-9***,21-07-15,Media choose any wonder.
success,1756,174-662-9***,21-07-15,Cost purpose fact his.
success,1757,578-462-1292x78***,21-07-15,Know professor special year give.
success,1758,(920)776-5504x***,21-07-15,Enough size certain glass six.
success,1759,875-789-8350x87***,21-07-15,Education great picture significant garden money.
failed,1761,753.135.1***,21-07-15,Picture turn citizen increase mind.
success,1763,464.095.1348x8***,21-07-15,Pull treat behavior.
failed,1765,001-604-333-8875x37***,21-07-15,Social summer example case term population hit positive.
success,1766,(205)042-0***,21-07-15,Red wear ability create tree heavy.
failed,1767,237-892-8006x***,21-07-15,Great you guess left Mr president.
failed,1769,730-415-2999x9***,21-07-15,Front spring break major such shoulder.
success,1770,811.339.8410x0***,21-07-15,Describe special Republican among either college what.
success,1772,336.007.1975x3***,21-07-15,Age yes appear offer property send.
success,1773,+1-596-572-4674x00***,21-07-15,Rise consumer alone billion where.
success,1774,+1-311-766-7003x***,21-07-15,Show audience law soon.
success,1780,+1-071-243-3***,21-07-15,Law protect cut way hundred.
failed,1785,001-233-064-5***,21-07-15,Part beat buy unit military old budget study.
success,1786,(222)834-9***,21-07-15,Approach bed page care discuss.
failed,1787,2483199***,21-07-15,Act bag successful can paper.
failed,1792,5067965***,21-07-15,Approach large nice always than executive outside.
failed,1794,1766600***,21-07-15,Still site at fund development.
failed,1795,702.506.0094x14***,21-07-15,Begin room room difficult after cup successful.
success,1797,839.264.3779x79***,21-07-15,Option call physical goal.
success,1798,001-074-962-5***,21-07-15,Issue evidence discuss.
success,1800,728.518.1554x***,21-07-15,Work future media marriage and rate very.
failed,1806,+1-154-453-5459x39***,21-07-15,Later down charge whether.
failed,1807,(346)431-0***,21-07-15,Reality feeling watch stand owner short behind tell.
success,1810,8634941***,21-07-15,In poor year however.
failed,1818,(530)124-4***,21-07-15,Way region reduce mother reality.
failed,1820,879.407.2198x***,21-07-15,Old economy security job theory.
success,1822,(295)566-0063x95***,21-07-15,Team admit specific color cultural hear small.
failed,1826,2934740***,21-07-15,Show mission lay fill career air.
failed,1827,686.937.6118x65***,21-07-15,Catch son ready grow heavy.
success,1828,001-834-550-2003x***,21-07-15,Then population toward shoulder left card establish.
success,1833,001-157-664-1453x39***,21-07-15,Your life run.
failed,1834,(536)647-8927x***,21-07-15,Staff energy day whatever much soon.
failed,1835,(125)954-9***,21-07-15,Human food morning way certainly sell recognize.
failed,1836,997.232.2761x***,21-07-15,Front table step.
success,1837,(145)392-3***,21-07-15,Base bring sister indicate she pull dinner work.
success,1841,(995)230-9275x31***,21-07-15,Want lose build Republican face effort beautiful.
success,1843,(117)203-0***,21-07-15,Operation bank shake example couple trouble book.
success,1844,093.353.7500x11***,21-07-15,Always away single husband.
success,1846,(544)696-4347x0***,21-07-15,Where language group public painting vote though.
success,1847,5834702***,21-07-15,Million born everybody according specific.
failed,1848,+1-859-563-1793x***,21-07-15,Rich bill strong probably.
failed,1850,364.684.3***,21-07-15,Indeed author security.
failed,1851,510-471-6***,21-07-15,Policy hair one else indicate affect.
success,1853,(394)701-3***,21-07-15,Which hard gun should others manager.
failed,1854,6952471***,21-07-15,Friend focus them activity happen.
failed,1856,001-852-351-6107x4***,21-07-15,Spend war whose opportunity week.
success,1858,900-695-1209x***,21-07-15,Agent training agent boy hair.
failed,1862,4404458***,21-07-15,Ahead move example such.
failed,1863,752.336.1297x3***,21-07-15,Marriage foreign after ok summer sell by.
failed,1865,(434)093-9***,21-07-15,Body lay star act most animal.
failed,1868,9213802***,21-07-15,Child brother sister top short politics even.
failed,1869,001-527-937-0731x***,21-07-15,My picture no meeting sense stay.
failed,1870,389.089.5***,21-07-15,Deep meet evidence part case success.
failed,1876,+1-255-316-2131x90***,21-07-15,Style writer from wide care benefit charge kid.
failed,1878,410-844-0***,21-07-15,Significant affect than need collection sing.
failed,1880,+1-995-565-7***,21-07-15,Include news nature offer.
failed,1881,444.327.1***,21-07-15,Seat TV parent.
failed,1887,231.086.6***,21-07-15,Health century leg range interest affect.
success,1888,001-271-924-6832x4***,21-07-15,Thank air peace collection.
failed,1890,349-008-9***,21-07-15,She product figure today kind.
failed,1893,132.203.9509x96***,21-07-15,Under age between personal themselves bed add.
failed,1894,127.063.0778x***,21-07-15,Certainly respond executive scene.
failed,1896,5410763***,21-07-15,Financial number course future decade edge finally.
success,1897,+1-470-271-1232x55***,21-07-15,Generation my order along line.
failed,1898,+1-273-553-4***,21-07-15,Onto great most second require before audience once.
success,1900,715.664.5447x4***,21-07-15,Condition set happy value at reduce method international.
failed,1908,001-381-553-6386x01***,21-07-15,Order want could close.
success,1909,352-132-8***,21-07-15,Everyone four everyone from.
success,1910,209.636.0***,21-07-15,Their sport fish anything glass debate.
success,1912,031.619.6454x5***,21-07-15,Face suffer home direction nice.
failed,1913,+1-620-626-5212x7***,21-07-15,These good size expect reality.
failed,1914,409-435-8429x4***,21-07-15,Piece approach recent court soon hair simple.
success,1915,+1-318-619-6230x***,21-07-15,Up yet down turn range.
failed,1921,0477819***,21-07-15,Box various charge war shoulder it.
failed,1922,0701831***,21-07-15,Yourself unit home loss national each skin generation.
success,1923,241.373.1634x9***,21-07-15,Theory area eat whose minute until red.
success,1926,+1-006-737-5877x70***,21-07-15,Store away firm question simple once high.
failed,1927,061.447.1694x***,21-07-15,Everybody action current past full pay movie four.
failed,1928,001-588-974-6463x74***,21-07-15,Party between control include.
success,1930,001-640-337-0320x***,21-07-15,Before draw life Mr language instead.
success,1932,308-060-1172x***,21-07-15,Often per treat situation piece nature.
failed,1934,(982)993-9***,21-07-15,Because wrong five certain.
failed,1936,123.727.0435x7***,21-07-15,Week game company case.
success,1938,376-938-4600x***,21-07-15,Occur around firm laugh.
success,1939,997-629-8099x18***,21-07-15,Half sometimes news many data who west executive.
failed,1940,001-799-234-0***,21-07-15,Walk art miss everything speech response.
success,1941,(458)964-9141x83***,21-07-15,Lot public quality from.
failed,1942,8756214***,21-07-15,Official nothing focus expect past indicate.
success,1943,+1-272-249-1489x7***,21-07-15,Bank lawyer just number.
failed,1945,293-151-6062x2***,21-07-15,Begin land professor.
success,1946,793-727-2***,21-07-15,Able smile manage.
failed,1949,917-820-0965x4***,21-07-15,Course list statement suggest.
failed,1951,+1-561-655-6406x***,21-07-15,Other history scientist art investment through send.
failed,1953,+1-983-012-9627x***,21-07-15,Whatever teach hotel food social.
success,1956,819.864.9847x6***,21-07-15,Change image social south resource beautiful.
failed,1957,217.939.0***,21-07-15,Glass feel common every administration.
failed,1960,399-491-5291x85***,21-07-15,Bed skin change finally middle entire well.
failed,1961,+1-651-036-6930x***,21-07-15,Record different someone within program know.
success,1962,(203)037-3***,21-07-15,Toward various job method field the organization.
success,1963,+1-325-490-9***,21-07-15,But director community maybe tree right way.
success,1966,001-163-934-6739x***,21-07-15,Often ago week author could.
failed,1967,103-752-7531x***,21-07-15,Current resource push military consider force role road.
success,1970,601-127-4***,21-07-15,Similar style paper check center feel.
failed,1972,001-512-615-6730x2***,21-07-15,On upon treat.
failed,1973,001-670-775-0435x59***,21-07-15,Cell actually case blood new religious various.
success,1974,+1-056-720-2961x8***,21-07-15,Perhaps him woman hundred particularly ball.
success,1976,2006785***,21-07-15,Subject walk discussion whether improve game international.
success,1978,298-726-8***,21-07-15,Fund suggest better nothing financial account us.
success,1979,917.586.3***,21-07-15,Impact beat exactly experience.
failed,1981,327.527.6452x2***,21-07-15,Cell every indeed glass to respond.
success,1984,(251)865-6179x***,21-07-15,Minute yeah family year rate government increase include.
success,1986,(082)579-0***,21-07-15,Behavior nothing apply Republican these wear.
success,1991,518.174.4409x4***,21-07-15,Less hour check north first since.
failed,1992,7347205***,21-07-15,Site start at language hit.
success,1995,888.958.5***,21-07-15,Moment responsibility stay opportunity protect beat.
success,1998,727.081.6***,21-07-15,Early behavior under country blood.
failed,1999,001-707-195-9257x0***,21-07-15,Discover set modern him.
failed,2000,+1-299-203-0181x9***,21-07-15,Notice eye down friend room.
failed,2007,383-864-6***,21-07-15,Throughout property threat whole TV choice.
failed,2015,480.303.4299x9***,21-07-15,Continue a agree pull.
success,2016,(661)064-7934x55***,21-07-15,Purpose among recognize low.
failed,2017,001-317-530-4930x***,21-07-15,Cause character surface culture safe.
failed,2020,(863)193-8***,21-07-15,Again plant little several.
success,2022,001-893-985-8253x5***,21-07-15,Fast heavy study pressure put call.
success,2023,(865)125-4***,21-07-15,Several west somebody here life sure film.
success,2024,001-799-300-8065x49***,21-07-15,Toward mouth pass special discuss big.
failed,2029,+1-602-424-4449x91***,21-07-15,Space skill significant nature paper their air.
success,2030,(183)952-4***,21-07-15,Poor rest top describe Democrat.
success,2032,288.399.5***,21-07-15,Word movement during other time require.
failed,2033,922.025.8222x***,21-07-15,Matter authority go.
success,2036,670.093.5***,21-07-15,Pretty voice ahead manage conference.
success,2038,082.631.0266x2***,21-07-15,Account treat article character write.
success,2045,(114)131-1952x34***,21-07-15,According employee various control hotel citizen.
success,2047,7257809***,21-07-15,Mrs history executive truth.
failed,2052,112-850-4***,21-07-15,Two against environment investment current into yeah process.
failed,2054,+1-397-057-6***,21-07-15,Skin quickly action table view report.
success,2056,(450)463-1***,21-07-15,Company interest federal section pattern.
failed,2057,940-051-1***,21-07-15,That goal somebody purpose structure keep American.
success,2058,132-565-9995x7***,21-07-15,Pressure stock student need home summer hand special.
success,2060,001-223-962-4079x02***,21-07-15,Other leg dog idea.
success,2063,(635)328-2***,21-07-15,Mean country attorney window term.
success,2064,861.835.6936x5***,21-07-15,Guess major question relate even small.
success,2066,+1-459-814-9916x4***,21-07-15,Need writer clearly sister head.
failed,2071,(106)551-6***,21-07-15,Receive key work represent official.
failed,2072,001-887-966-8258x***,21-07-15,Kitchen style produce she race rule.
failed,2075,+1-407-911-0***,21-07-15,Yes green outside agreement.
failed,2076,001-110-143-1119x***,21-07-15,Remain include begin wrong low street send finish.
success,2077,(814)707-0117x9***,21-07-15,Quality drive discussion TV somebody.
failed,2080,318-235-1***,21-07-15,Act parent several church step strong strategy show.
success,2082,001-757-131-3923x9***,21-07-15,Conference what professional yard.
failed,2084,+1-244-045-2334x***,21-07-15,How how how one.
success,2085,(780)075-4***,21-07-15,Visit always whatever question agency.
failed,2086,001-187-128-5404x82***,21-07-15,Message including more admit.
success,2090,768-091-6201x1***,21-07-15,Rich yourself month end sing.
success,2093,971.742.3024x3***,21-07-15,Bill rate religious forward perform military attack.
failed,2098,(127)171-0***,21-07-15,Know yard difficult attack.
failed,2099,092-521-9***,21-07-15,Bag animal finally move sense vote.
failed,2102,439-582-9699x6***,21-07-15,Attorney election everyone different his write.
failed,2104,+1-456-613-7742x89***,21-07-15,Nice probably out enough audience bit idea.
success,2105,+1-051-693-5688x25***,21-07-15,Local sign fire picture popular help practice.
success,2108,001-098-957-1964x***,21-07-15,Company stuff material able window.
success,2109,8006816***,21-07-15,Left so debate everybody whose.
failed,2111,(888)252-2090x1***,21-07-15,Treat who that choice.
success,2114,070-618-5905x7***,21-07-15,Wide dream create region although wind break.
failed,2117,159.395.0072x74***,21-07-15,Its and bar foot college need eat.
